rating,date,item_id,parsed_date,text_akhir,label
bintang 5,6 bulan lalu,22,2024-11-30 14:41:33.076435,kualitas bagus terima kasih sukses tokonya,positive
bintang 5,6 bulan lalu,22,2024-11-30 14:41:33.076514,pengiriman okeeee barang okeee sesuai deskripsiiiii,positive
bintang 5,6 bulan lalu,22,2024-11-30 14:41:33.076551,pelayanannya bandung cepat diproses packing aman produk sesuai semoga sukses terima kasih toped,positive
bintang 5,2 minggu lalu,22,2025-05-16 14:41:33.076582,bagus sesuai pesananpacking rapi aman sampaientah dr penjual kurir,positive
bintang 5,1 bulan lalu,22,2025-04-30 14:41:33.076606,cepat packing aman barang pengiriman sesuai pesanan,positive
bintang 5,3 bulan lalu,22,2025-02-28 14:41:33.076641,keren habis responsif barang sesuai pesanan expired layak berlangganan toko terimakasih,positive
bintang 5,10 bulan lalu,22,2024-07-30 14:41:33.076670,produk sesuai packing rapi aman cepat terima kasih,positive
bintang 5,5 bulan lalu,22,2024-12-30 14:41:33.076699,stock pembersih luka gatau terluka stock penjahat kelamin,negative
bintang 5,3 minggu lalu,22,2025-05-09 14:41:33.076726,paket sesuai promosikan barang bersegel aman,positive
bintang 5,3 bulan lalu,22,2025-02-28 14:41:33.076739,bagus_banget bersihin luka cepat banget smpaiy sngaja beli spray dl krna mudah aplikasiy beli tuk isi ulang,positive
bintang 5,12 bulan lalu,22,2024-05-30 14:41:33.076771,barang expmasih th,neutral
bintang 5,9 bulan lalu,22,2024-08-30 14:41:33.076816,bagus semoga cocok merawat luka bakar knalpot terima kasih sukses selaluu,neutral
bintang 5,2 bulan lalu,22,2025-03-30 14:41:33.076844,amazing oke banget produknya bahan halus nyaman darurat luka mengurangkan iritasi memperkeci,neutral
bintang 5,9 bulan lalu,22,2024-08-30 14:41:33.076870,sesuai deskripsi gambar packing aman rapih penjual ramah fast respon terimakasih,positive
bintang 5,1 bulan lalu,22,2025-04-30 14:41:33.076896,mantap barang bocor,neutral
bintang 5,2 bulan lalu,22,2025-03-30 14:41:33.076922,produk asli packing aman berlapis penjual ramah semoga tokonya sukses amanah,positive
bintang 5,2 bulan lalu,22,2025-03-30 14:41:33.076947,paket aman sesuai ditentukan kemasan packing aman walapun kemasan penyok pengiriman overall oke,positive
bintang 5,11 bulan lalu,22,2024-06-30 14:41:33.076973,cepat packing mantap susah dibongkarnya,positive
bintang 5,9 bulan lalu,22,2024-08-30 14:41:33.077000,barang sesuai pesanan pengemasan aman cepat sukses seller,positive
bintang 5,11 bulan lalu,22,2024-06-30 14:41:33.077026,alhamdulillah paketnya mendarat aman respon seller super gercep recommended seller,positive
bintang 5,11 bulan lalu,22,2024-06-30 14:41:33.077051,barang sesuaiproses pengiriman cepat,positive
bintang 5,10 bulan lalu,22,2024-07-30 14:41:33.077076,barang sesuai pesan packingnya safety,neutral
bintang 5,1 bulan lalu,22,2025-04-30 14:41:33.077102,bagus mwmbersihkan luka mengurangi iritasi,neutral
bintang 5,9 bulan lalu,22,2024-08-30 14:41:33.077127,seller kirim barang barangnya hilang kurir dana saldo,positive
bintang 5,3 bulan lalu,22,2025-02-28 14:41:33.077152,barang sesuai deskripsi,neutral
bintang 5,1 bulan lalu,22,2025-04-30 14:41:33.077178,belanja oke banget,neutral
bintang 5,11 bulan lalu,22,2024-06-30 14:41:33.077203,sesuai,positive
bintang 5,8 bulan lalu,22,2024-09-30 14:41:33.077229,dingin luka pakai ginian,neutral
bintang 5,10 bulan lalu,22,2024-07-30 14:41:33.077254,berisihin luka,negative
bintang 5,4 bulan lalu,22,2025-01-30 14:41:33.077279,bagus cepat,positive
bintang 5,6 bulan lalu,22,2024-11-30 14:41:33.077311,terbaik,positive
bintang 5,1 bulan lalu,22,2025-04-30 14:41:33.077376,bagus,neutral
bintang 5,11 bulan lalu,22,2024-06-30 14:41:33.077502,oke,neutral
bintang 5,2 bulan lalu,22,2025-03-30 14:41:33.077527,,neutral
bintang 5,3 bulan lalu,22,2025-02-28 14:41:33.077577,,neutral
bintang 5,4 minggu lalu,22,2025-05-02 14:41:33.077628,,neutral
bintang 5,2 hari lalu,13,2025-05-28 14:41:33.077641,barang asli sesuai spek judul respon cepat semoga langganan harga bersaing terima kasih,positive
bintang 5,4 bulan lalu,13,2025-01-30 14:41:33.077651,cepat barang sesuai pesanan plastik pembungkus masker dijamin aman kotak dibentuk kotaknya kekecilan a,positive
bintang 5,9 bulan lalu,13,2024-08-30 14:41:33.077682,fast delivery packaging aman sesuai ekspektasi terima kasih,positive
bintang 5,3 bulan lalu,13,2025-02-28 14:41:33.077710,maskernya bagus embos mereknya syeril terbungkus plastik bersih rapih sampainya cepat,positive
bintang 5,8 bulan lalu,13,2024-09-30 14:41:33.077737,masker terbaik bikin sesek redap udara,neutral
bintang 4,7 bulan lalu,13,2024-10-30 14:41:33.077763,jumpah percaya kko tanggu penjual allah didusin semoga tetep steril aman,positive
bintang 5,7 bulan lalu,13,2024-10-30 14:41:33.077789,barangnya bagus sesuai kualitasnya semoga tokonya maju,positive
bintang 5,10 bulan lalu,13,2024-07-30 14:41:33.077815,maskernya bersih packing layaknya beli masker online bau nyaman karetnya ngepas telinga semoga bikin iritasi,positive
bintang 5,5 bulan lalu,13,2024-12-30 14:41:33.077840,pembelian sekian kalinya kualitas bagus cepat harga sesuai kualitas recommended seller,positive
bintang 5,1 bulan lalu,13,2025-04-30 14:41:33.077865,bahan bagus pas muka sesuai harga,positive
bintang 5,7 bulan lalu,13,2024-10-30 14:41:33.077891,diterima masker box dipisah masker sesuai deskripsi tebal menutup mulut hidung sempurna,neutral
bintang 5,10 bulan lalu,13,2024-07-30 14:41:33.077916,cepat barang asli sesuai deskripsi gambar langganan beli,positive
bintang 5,7 bulan lalu,13,2024-10-30 14:41:33.077941,paket diterima kotak masker mudah dirancang terima kasih,positive
bintang 5,11 bulan lalu,13,2024-06-30 14:41:33.077967,barang dipacking aman sesuai deskripsi barang selamat terima kasih,positive
bintang 5,9 bulan lalu,13,2024-08-30 14:41:33.077993,produk asli sesuai pesanan cepat,positive
bintang 5,5 bulan lalu,13,2024-12-30 14:41:33.078019,packing aman cepat harga terjangkau kurir ramah,positive
bintang 5,1 bulan lalu,13,2025-04-30 14:41:33.078044,baguuuss mantaapp kereeeen sukaaa okeee bangeett,neutral
bintang 5,8 bulan lalu,13,2024-09-30 14:41:33.078070,repeat order kesekian kalinya kali bahannya kasar lembut pembelian kasar l,neutral
bintang 5,3 minggu lalu,13,2025-05-09 14:41:33.078095,bagus kali beli merk lumayan kuat tembus air kawat nahan hidung,neutral
bintang 5,9 bulan lalu,13,2024-08-30 14:41:33.078107,sdh langganan med official covid skrg masker tebal fariasimulai medis medis kf pengemasan rapi tertut,positive
bintang 5,8 bulan lalu,13,2024-09-30 14:41:33.078137,kualitas bahan bagus boxnya sobek apa-apa,neutral
bintang 5,8 bulan lalu,13,2024-09-30 14:41:33.078164,produk asli sesuai deskripsi terima kasih juragan sukses lapaknya,positive
bintang 4,2 bulan lalu,13,2025-03-30 14:41:33.078189,pengemasannya rada aman untung barang aman produknya dipake,positive
bintang 3,10 bulan lalu,13,2024-07-30 14:41:33.078214,oke kaget pas buka modelan kardus maskernya terlipat terkesan dijual terpisah kardus isinya time dibenahi mengemaskan,neutral
bintang 5,3 minggu lalu,13,2025-05-09 14:41:33.078240,barangnya sesuai deskripsi dipacking aman sesuai pesanan mantoll,positive
bintang 5,2 bulan lalu,13,2025-03-30 14:41:33.078251,maskernya bagus bahannya enakharga murahpengiriman cepat order selasasampai kamisudah kotak rangkai masker,neutral
bintang 5,8 bulan lalu,13,2024-09-30 14:41:33.078280,produknya bagus talinya lentur sakit telinga dipakai seller ramah gercep recommended,neutral
bintang 5,7 bulan lalu,13,2024-10-30 14:41:33.078306,maksernya nyaman dipakai tebal,positive
bintang 5,2 bulan lalu,13,2025-03-30 14:41:33.078331,sesuai deskripsi halus bahannya,neutral
bintang 5,9 bulan lalu,13,2024-08-30 14:41:33.078357,harga bagus kualitas diragukan packing respon penjual cepat,positive
bintang 5,7 bulan lalu,13,2024-10-30 14:41:33.078383,lentur talinya semoga bikin sakit telinga bahannya tebal,neutral
bintang 2,2 bulan lalu,13,2025-03-30 14:41:33.078408,isi maskernya didalam box plastik tipis pack maskernya bolong kotor maskernya boxnya lecek pas dilipat pas pingirnya,negative
bintang 5,11 bulan lalu,13,2024-06-30 14:41:33.078433,sip kegiatan sehari biar gampang sakit pakai masker jarang kena flu,negative
bintang 5,9 bulan lalu,13,2024-08-30 14:41:33.078458,x beli bahannya tebal pakenya nyaman terimakasih seller tokopedia,positive
bintang 5,8 bulan lalu,13,2024-09-30 14:41:33.078483,repeat order sesuai pengiriman sat set,positive
bintang 5,8 bulan lalu,13,2024-09-30 14:41:33.078508,maskernya enak dipakai aman kotaknya terpisah,neutral
bintang 4,9 bulan lalu,13,2024-08-30 14:41:33.078533,berbau bersih kemasan mantap oke bahan b,positive
bintang 5,9 bulan lalu,13,2024-08-30 14:41:33.078559,kualitas bagus cepat,positive
bintang 5,3 bulan lalu,13,2025-02-28 14:41:33.078585,sesuai deskripsi packing rapi oke,neutral
bintang 5,1 bulan lalu,13,2025-04-30 14:41:33.078611,stok lumayan bahan bagus cepat,neutral
bintang 5,8 bulan lalu,13,2024-09-30 14:41:33.078636,cocok bagus respon cepatt langganan trimakasih semoga bagus,positive
bintang 5,8 bulan lalu,13,2024-09-30 14:41:33.078662,kali repeat order puas pesanan orang tua cocok tipe maskernya semoga kualitasnya diperhatikan biar pembelian te,neutral
bintang 5,10 bulan lalu,13,2024-07-30 14:41:33.078687,putih bersih sesuai iklan kiriman cepat murah mantap dipakainya terima kasih seller,positive
bintang 5,8 bulan lalu,13,2024-09-30 14:41:33.078712,packing bagus cepat brgnya oke banget,positive
bintang 5,5 bulan lalu,13,2024-12-30 14:41:33.078737,kedatangan barang sesuai proses cepat terima kasih,positive
bintang 5,6 bulan lalu,13,2024-11-30 14:41:33.078763,penjual responnya cepat cepat,positive
bintang 5,8 bulan lalu,13,2024-09-30 14:41:33.078788,produk sesuai bagus cepat,positive
bintang 5,9 bulan lalu,13,2024-08-30 14:41:33.078812,maskernya nyampenya cepat bingit lacak nyampe kurirnya the flash,neutral
bintang 5,1 bulan lalu,13,2025-04-30 14:41:33.078837,pengiriman packing produk sesuai,positive
bintang 5,7 bulan lalu,13,2024-10-30 14:41:33.078862,cepat harga oke produk oke thank you,positive
bintang 5,9 bulan lalu,13,2024-08-30 14:41:33.078888,dipisahiin box isinya packaging aman kirim cepat tengkyu,positive
bintang 5,9 bulan lalu,13,2024-08-30 14:41:33.078913,mantap box dirakit,positive
bintang 5,2 minggu lalu,13,2025-05-16 14:41:33.078938,sesuai deskripsi pembelian x bagus,neutral
bintang 5,7 bulan lalu,13,2024-10-30 14:41:33.078950,mantap maskernya enak dipakai sehari,positive
bintang 4,9 bulan lalu,13,2024-08-30 14:41:33.078979,disuruh bikin prakarya melipat dus mandiri,negative
bintang 5,10 bulan lalu,13,2024-07-30 14:41:33.079005,masker tersegel plastik,neutral
bintang 5,10 bulan lalu,13,2024-07-30 14:41:33.079030,sesuai kebutuhan daily activity terima kasih,positive
bintang 5,10 bulan lalu,13,2024-07-30 14:41:33.079055,maskernya mulut mencegah penyakit,negative
bintang 5,2 bulan lalu,13,2025-03-30 14:41:33.079080,sesuai orderan kiriman cepat terima kasih seller,positive
bintang 5,10 bulan lalu,13,2024-07-30 14:41:33.079105,mengecewakan terimakasih,neutral
bintang 5,2 bulan lalu,13,2025-03-30 14:41:33.079131,semoga bunga bikin harimu,neutral
bintang 5,10 bulan lalu,13,2024-07-30 14:41:33.079156,cepat berulang kali repurchase hitam,neutral
bintang 5,8 bulan lalu,13,2024-09-30 14:41:33.079181,cepat masker enak dipakainya,positive
bintang 5,3 bulan lalu,13,2025-02-28 14:41:33.079206,cepat harga sesuai,positive
bintang 5,8 bulan lalu,13,2024-09-30 14:41:33.079232,bahannya nyaman ukurannya pas wajah anak pengiriman,positive
bintang 5,2 bulan lalu,13,2025-03-30 14:41:33.079257,mantab maskernya tebal medis,positive
bintang 5,1 bulan lalu,13,2025-04-30 14:41:33.079282,terima kasih barangnya kali beli barang kualitasnya berbeda kali beli ag,positive
bintang 5,5 bulan lalu,13,2024-12-30 14:41:33.079307,bagus cepat tebal cocok daily,positive
bintang 5,6 bulan lalu,13,2024-11-30 14:41:33.079332,kualitas bagus dianya packing rapih cepat rekomended seller,positive
bintang 5,2 bulan lalu,13,2025-03-30 14:41:33.079357,bagus beli recommended,positive
bintang 5,7 bulan lalu,13,2024-10-30 14:41:33.079381,mantap master tebal cocok harga sesuai kualitas,positive
bintang 5,4 bulan lalu,13,2025-01-30 14:41:33.079407,cepat masker nyaman dipakai safety,positive
bintang 5,5 bulan lalu,13,2024-12-30 14:41:33.079432,udah beli dr x tali kuat gampang lepas,neutral
bintang 5,1 bulan lalu,13,2025-04-30 14:41:33.079457,barang bagus cocok dipakai sesuai dg deskripsi,neutral
bintang 5,8 bulan lalu,13,2024-09-30 14:41:33.079482,seller responsif barang,neutral
bintang 5,8 bulan lalu,13,2024-09-30 14:41:33.079506,terima kasih sesuai bahannya bagus_banget,positive
bintang 5,1 bulan lalu,13,2025-04-30 14:41:33.079531,bagus kualitas maskernya harga terjangkau thank you,positive
bintang 4,1 bulan lalu,13,2025-04-30 14:41:33.079556,beli transaksi beli anehnya kualitasnya beda barang tipis,positive
bintang 4,11 bulan lalu,13,2024-06-30 14:41:33.079582,barang sesuai penawaran pengiriman bermasalah,positive
bintang 5,8 bulan lalu,13,2024-09-30 14:41:33.079607,bagus kecewa keberapa kali beli pokoknya terimakasih,positive
bintang 4,9 bulan lalu,13,2024-08-30 14:41:33.079633,maskernya bau duckbill,neutral
bintang 5,2 bulan lalu,13,2025-03-30 14:41:33.079658,proses kiriman cepat packing rapih produk sesuai deskripsi,positive
bintang 5,9 bulan lalu,13,2024-08-30 14:41:33.079683,oke banget kualitasnya harga terjangkau,positive
bintang 4,8 bulan lalu,13,2024-09-30 14:41:33.079708,kali beli setebal klik beli barang kecuali cari etalase salah,neutral
bintang 5,8 bulan lalu,13,2024-09-30 14:41:33.079733,bagussswort it dibeli kecewa pokoknya,neutral
bintang 5,2 bulan lalu,13,2025-03-30 14:41:33.079758,barangnya sesuai gambarnya,positive
bintang 4,1 minggu lalu,13,2025-05-23 14:41:33.079783,barangnya oke harga murah cepat,positive
bintang 2,2 bulan lalu,13,2025-03-30 14:41:33.079795,beli online kali beli barang kemasan produknya dipakai alas diluar produk box fungsinya melindungi produk debu,positive
bintang 5,11 bulan lalu,13,2024-06-30 14:41:33.079839,bahan tebal nyaman,positive
bintang 5,11 bulan lalu,13,2024-06-30 14:41:33.079866,masker lebar karet nyaman lentur,positive
bintang 5,8 bulan lalu,13,2024-09-30 14:41:33.079892,sesuai keterangan pesanan cepat terima kasih,positive
bintang 5,9 bulan lalu,13,2024-08-30 14:41:33.079917,pengiriman on time bagus,neutral
bintang 5,9 bulan lalu,13,2024-08-30 14:41:33.079942,sesuai deskripsi terbungkus plastik,neutral
bintang 5,8 bulan lalu,13,2024-09-30 14:41:33.079968,amandari debu ojek,neutral
bintang 5,3 minggu lalu,13,2025-05-09 14:41:33.079993,cepat respon oke,positive
bintang 5,9 bulan lalu,13,2024-08-30 14:41:33.080005,diterima pengiriman cepat,positive
bintang 5,5 bulan lalu,13,2024-12-30 14:41:33.080034,langganan beli masker mantap,positive
bintang 5,9 bulan lalu,13,2024-08-30 14:41:33.080060,cepat terima kasih seller,positive
bintang 2,10 bulan lalu,13,2024-07-30 14:41:33.080086,kasih bintang pembeli packing bagus,positive
bintang 5,7 bulan lalu,13,2024-10-30 14:41:33.080112,bagus sesuai harga,positive
bintang 5,10 bulan lalu,13,2024-07-30 14:41:33.080137,bagus,neutral
bintang 5,9 bulan lalu,13,2024-08-30 14:41:33.080163,keren kerennnnnnnnmmnnnnnnnn kerenkeren kerennnnnnnnmmnnnnnnnn keren,neutral
bintang 5,12 bulan lalu,13,2024-05-30 14:41:33.080188,cepat,positive
bintang 5,6 bulan lalu,13,2024-11-30 14:41:33.080217,langganan disinu,positive
bintang 5,7 bulan lalu,13,2024-10-30 14:41:33.080243,cakep,positive
bintang 5,5 bulan lalu,13,2024-12-30 14:41:33.080268,okayyy memuaskan,neutral
bintang 5,2 bulan lalu,13,2025-03-30 14:41:33.080294,respon oke cepat,positive
bintang 5,2 bulan lalu,13,2025-03-30 14:41:33.080319,service terima kshhhhhh,neutral
bintang 5,3 bulan lalu,13,2025-02-28 14:41:33.080343,mantaf ganbarang sdh,neutral
bintang 5,10 bulan lalu,13,2024-07-30 14:41:33.080368,maskernya bagus tebal,positive
bintang 5,3 bulan lalu,13,2025-02-28 14:41:33.080393,bagus sesuai ekspektasi,positive
bintang 5,7 bulan lalu,13,2024-10-30 14:41:33.080418,pesanan sesuai terima kasih,positive
bintang 5,11 bulan lalu,13,2024-06-30 14:41:33.080444,bagus murah,positive
bintang 3,9 bulan lalu,13,2024-08-30 14:41:33.080469,maskernya bau,neutral
bintang 5,2 bulan lalu,13,2025-03-30 14:41:33.080495,bagus sesuai pesanan,positive
bintang 5,8 bulan lalu,13,2024-09-30 14:41:33.080569,cepat bagus,positive
bintang 3,7 bulan lalu,13,2024-10-30 14:41:33.080594,map,neutral
bintang 5,11 bulan lalu,13,2024-06-30 14:41:33.080619,,neutral
bintang 5,7 bulan lalu,13,2024-10-30 14:41:33.080644,beli langganan,positive
bintang 5,3 bulan lalu,13,2025-02-28 14:41:33.080669,terima kasih kak,positive
bintang 5,6 bulan lalu,13,2024-11-30 14:41:33.080694,cepat,positive
bintang 5,1 bulan lalu,13,2025-04-30 14:41:33.080720,sesuai,positive
bintang 5,11 bulan lalu,13,2024-06-30 14:41:33.080745,udah langganan oke,positive
bintang 5,1 bulan lalu,13,2025-04-30 14:41:33.080770,bagus,neutral
bintang 5,9 bulan lalu,13,2024-08-30 14:41:33.080795,bagus,neutral
bintang 5,10 bulan lalu,13,2024-07-30 14:41:33.080820,oke,neutral
bintang 5,9 bulan lalu,13,2024-08-30 14:41:33.080845,teball,neutral
bintang 5,7 bulan lalu,13,2024-10-30 14:41:33.080870,mantap,positive
bintang 5,10 bulan lalu,13,2024-07-30 14:41:33.080896,mantap,positive
bintang 5,1 bulan lalu,13,2025-04-30 14:41:33.080920,oke,neutral
bintang 5,11 bulan lalu,13,2024-06-30 14:41:33.080945,kurir,neutral
bintang 5,1 minggu lalu,13,2025-05-23 14:41:33.080995,,neutral
bintang 5,3 bulan lalu,13,2025-02-28 14:41:33.081007,,neutral
bintang 5,3 bulan lalu,13,2025-02-28 14:41:33.081036,,neutral
bintang 5,5 bulan lalu,13,2024-12-30 14:41:33.081063,,neutral
bintang 5,5 bulan lalu,13,2024-12-30 14:41:33.081089,,neutral
bintang 5,8 bulan lalu,13,2024-09-30 14:41:33.081115,,neutral
bintang 3,1 bulan lalu,13,2025-04-30 14:41:33.081140,mantip,neutral
bintang 5,7 bulan lalu,13,2024-10-30 14:41:33.081165,naaaa,neutral
bintang 5,10 bulan lalu,23,2024-07-30 14:41:33.081191,cepat sampainya exp seller membantu makasihsukses,neutral
bintang 5,6 bulan lalu,23,2024-11-30 14:41:33.081216,seller ramah obat asli exp date packing oke bagus,positive
bintang 5,2 bulan lalu,23,2025-03-30 14:41:33.081242,nice pengiriman super fast jakarta tangerang nelco asli terima kasih,positive
bintang 5,2 bulan lalu,23,2025-03-30 14:41:33.081267,packing rapih double packing bubble wrap produk aman terima kasih seller,positive
bintang 5,3 minggu lalu,23,2025-05-09 14:41:33.081292,cocok banget batuk pilek pengiriman expres thans,neutral
bintang 5,2 bulan lalu,23,2025-03-30 14:41:33.081337,mantap amanah order pesanan sesuai spesifikasi gambar diiklankan packingnya rapih terima kasih seller tokopedia,positive
bintang 5,2 minggu lalu,23,2025-05-16 14:41:33.081387,harga murah,positive
bintang 5,8 bulan lalu,23,2024-09-30 14:41:33.081398,kirim kerabat sdh diterima dengaik terima kasih juragan courier,neutral
bintang 5,6 bulan lalu,23,2024-11-30 14:41:33.081429,mantab,neutral
bintang 5,11 bulan lalu,25,2024-06-30 14:41:33.081456,aksesorisnya keren presisi produk asli barang sesuai deskripsi produk berfungsi handgrip stabil packaging aman bagus solusi mogok dijalan produ,positive
bintang 5,5 bulan lalu,25,2024-12-30 14:41:33.081483,sesuai gambar deskripsi packing aman rapih produk asli bagus cepat sellernya c,positive
bintang 5,8 bulan lalu,25,2024-09-30 14:41:33.081721,barang selamat sesuai bersih terima kasih,positive
bintang 5,7 bulan lalu,25,2024-10-30 14:41:33.081773,sesuai gambar deskripsi packing aman rapih produk asli bagus cepat sellernya c,positive
bintang 5,7 bulan lalu,25,2024-10-30 14:41:33.081807,sesuai gambar deskripsi packing aman rapih produk asli bagus cepat sellernya c,positive
bintang 5,11 bulan lalu,25,2024-06-30 14:41:33.081839,pesanan smpe sesuai deskripsi respon cepat harga bersahabat packing aman terimakasih,positive
bintang 5,8 bulan lalu,25,2024-09-30 14:41:33.081868,barang sesuai pesanan fast respon cepat packing rapi recomended seller order terimakasih dibantu bosku,positive
bintang 5,6 bulan lalu,25,2024-11-30 14:41:33.081895,bagus sesuai pesanan proses cepat moga bermanfaat,positive
bintang 5,7 bulan lalu,25,2024-10-30 14:41:33.081922,alkhamdulillah tokonya amanah langganan mah mantulll,positive
bintang 5,1 bulan lalu,25,2025-04-30 14:41:33.081948,alhamdulillah sdh dg amanselamat proses positivebaik toko gesit memproses produk bagusbaik bersih lengkap expired date,positive
bintang 5,4 minggu lalu,25,2025-05-02 14:41:33.081974,alhamdulillah sdh dg amanselamat proses positivebaik toko gesit memproses sblmnya produk bagusbaik bersih lengkap,positive
bintang 2,9 bulan lalu,25,2024-08-30 14:41:33.081992,pesan berdahak dkirim berdahak,neutral
bintang 5,6 bulan lalu,25,2024-11-30 14:41:33.082023,asli expired,neutral
bintang 3,5 bulan lalu,25,2024-12-30 14:41:33.082051,kurir gercep paket mundur,positive
bintang 5,9 bulan lalu,16,2024-08-30 14:41:33.082077,beli kali maskerny nyaman nyaman kurirny kasih barangny lempar respon panggil terima kasih,positive
bintang 5,2 bulan lalu,16,2025-03-30 14:41:33.082103,karet pengikatnya keras kaku,neutral
bintang 5,6 bulan lalu,16,2024-11-30 14:41:33.082128,harga masker terjangkau pemakaian sehari nyaman sakit telinga pembelian ketiga thank you,positive
bintang 5,10 bulan lalu,16,2024-07-30 14:41:33.082154,barang diterima penjualnya ramah respon cepat asli terima kasih,positive
bintang 5,10 bulan lalu,16,2024-07-30 14:41:33.082179,cepat packaging rapi respon seller cepat,positive
bintang 5,11 bulan lalu,16,2024-06-30 14:41:33.082204,desainnya oke banget rapat bikin engap thank seller,positive
bintang 5,2 bulan lalu,16,2025-03-30 14:41:33.082228,barangnya oke respon pengirimannya cepat,positive
bintang 5,1 bulan lalu,16,2025-04-30 14:41:33.082253,barang sesuai gambar deskripsi cepat packing rapi aman thankss,positive
bintang 5,10 bulan lalu,16,2024-07-30 14:41:33.082278,good seller barangbsesuai deskripsi packing super aman recomended seller,positive
bintang 5,2 bulan lalu,16,2025-03-30 14:41:33.082302,cepat barang rusak salah klik warna niatnya beli warna hitam klik putih,negative
bintang 5,6 bulan lalu,16,2024-11-30 14:41:33.082326,produk bagus harga menguntungkan pengiriman standard,positive
bintang 5,7 bulan lalu,16,2024-10-30 14:41:33.082350,nyaman bahannya tebal ukuran pas wajah,positive
bintang 5,4 bulan lalu,16,2025-01-30 14:41:33.082374,terima kasih bagus asli dsign nyaman rekomendasi seller,positive
bintang 5,6 bulan lalu,16,2024-11-30 14:41:33.082398,bahannya bagus nyaman dipakai model warna sesuai deskripsi,positive
bintang 5,4 bulan lalu,16,2025-01-30 14:41:33.082422,banget rumah pakai masker nyaman dipake tebal desainnya modis overall googld naiseeeuuu,positive
bintang 5,11 bulan lalu,16,2024-06-30 14:41:33.082446,produk asli sesuai pesanan diterima harga relatif terjangkau packing aman respon penjual cepat kirim terimakasih,positive
bintang 5,10 bulan lalu,16,2024-07-30 14:41:33.082471,kualitas bagus ukuran sesuai nyaman dipakai,positive
bintang 5,4 bulan lalu,16,2025-01-30 14:41:33.082496,sellernya ramah menunda nunda pengiriman kualitas produk bagus,positive
bintang 5,1 bulan lalu,16,2025-04-30 14:41:33.082521,cocok banget masker ketebalan pas bentuk sesuai tali karet panjangnya pas harga murce,positive
bintang 5,11 bulan lalu,16,2024-06-30 14:41:33.082548,produk bagus sesuai deskripsi respon delivery cepat,positive
bintang 5,11 bulan lalu,16,2024-06-30 14:41:33.082573,beli maskernya bagus warnanya soft sesuai foto dipake nyaman terima kasih tokped voucher diskonnya beli rb,positive
bintang 5,4 bulan lalu,16,2025-01-30 14:41:33.082597,mengecewakan bagus pengiriman respon seller cepat,positive
bintang 5,3 bulan lalu,16,2025-02-28 14:41:33.082623,kualitas masker bowin oke banget uda kali beli pilihan warna nyaman dipakai toko sigap cepat proses barang cepat,positive
bintang 5,6 bulan lalu,16,2024-11-30 14:41:33.082649,bagus pengiriman respon seller cepat,positive
bintang 5,8 bulan lalu,16,2024-09-30 14:41:33.082673,good product good seller packaging produk bowin keren,positive
bintang 5,11 bulan lalu,16,2024-06-30 14:41:33.082698,terima kasih bonusnya produk bagus pakai respon seller cepat,positive
bintang 5,11 bulan lalu,16,2024-06-30 14:41:33.082723,barang selamat aman berfungsi bagus,positive
bintang 5,1 bulan lalu,16,2025-04-30 14:41:33.082748,maskernya keren bahannya oke hrganya terjangkau mantap pkknya,positive
bintang 5,5 bulan lalu,16,2024-12-30 14:41:33.082773,kualitas bagus cepat harganya reasonable terima kasih seller,positive
bintang 5,2 hari lalu,16,2025-05-28 14:41:33.082797,sesuai deskripsi seller gercep packing pengiriman,neutral
bintang 5,8 bulan lalu,16,2024-09-30 14:41:33.082810,fast response pengiriman cepat terima kasih,positive
bintang 5,7 bulan lalu,16,2024-10-30 14:41:33.082840,barang sesuai pesanan pengiriman cepat semoga bermanfaat,positive
bintang 5,12 bulan lalu,16,2024-05-30 14:41:33.082866,terimakasih pelayanan kwalitas produk terbaik customer puas berbelanja toko,positive
bintang 5,4 bulan lalu,16,2025-01-30 14:41:33.082894,murah berkualitas pelayanan cepat mantap,positive
bintang 5,11 bulan lalu,16,2024-06-30 14:41:33.082919,overall is oke cocok order warna beda,neutral
bintang 5,10 bulan lalu,16,2024-07-30 14:41:33.082944,barang cepat bagus sesuai deskripsi,positive
bintang 5,11 bulan lalu,16,2024-06-30 14:41:33.082968,cepat packaging rapih hadiah hand sanitizer,positive
bintang 3,9 bulan lalu,16,2024-08-30 14:41:33.082992,pesen putih hitam abu pengiriman putih sm hitam packaging emg bagus,negative
bintang 5,3 bulan lalu,16,2025-02-28 14:41:33.083016,maskernya bagus saran packingnya,neutral
bintang 5,1 bulan lalu,16,2025-04-30 14:41:33.083040,mantap sesuai pesanan proses pengiriman cepatmakasih,positive
bintang 5,8 bulan lalu,16,2024-09-30 14:41:33.083064,cepat sesuai pesanan packing aman kemarin kurir salah drop barang,positive
bintang 5,11 bulan lalu,16,2024-06-30 14:41:33.083087,barang dg kemasan rapih rusak terima kasih kurir yoko tokped,neutral
bintang 5,3 bulan lalu,16,2025-02-28 14:41:33.083111,bolak beli mari cocok murah,positive
bintang 5,1 hari lalu,16,2025-05-29 14:41:33.083135,cepat sesuai bowin masker kenyamanan kualitas terbaik,positive
bintang 5,9 bulan lalu,16,2024-08-30 14:41:33.083147,masker ternyaman harga terjangkau pokoknya masker warna putih wajib dibeli,negative
bintang 3,3 bulan lalu,16,2025-02-28 14:41:33.083175,tali karet melar beli masker bowin melar melar masker masker bungkus melar semu,neutral
bintang 5,11 bulan lalu,16,2024-06-30 14:41:33.083200,puas belanja ragukan,neutral
bintang 5,1 bulan lalu,16,2025-04-30 14:41:33.083224,bahan tipis seharihari,neutral
bintang 5,10 bulan lalu,16,2024-07-30 14:41:33.083248,packing rapih paket sesuai orderan toko recomeded,positive
bintang 5,10 bulan lalu,16,2024-07-30 14:41:33.083271,salah check out duckbill,neutral
bintang 5,9 bulan lalu,16,2024-08-30 14:41:33.083295,langganan cepat senyaman maskernya,positive
bintang 5,5 hari lalu,16,2025-05-25 14:41:33.083318,barang aman tujuan berlangganan beli masker cocok pas,positive
bintang 5,10 bulan lalu,16,2024-07-30 14:41:33.083329,sekian kali beli maskernya bagus gift tali masker,positive
bintang 5,6 bulan lalu,16,2024-11-30 14:41:33.083355,bahan bagus nyaman sdh langganan,positive
bintang 5,11 bulan lalu,16,2024-06-30 14:41:33.083380,sesuai pesanan pengiriman sdh order kali oke,positive
bintang 5,6 bulan lalu,16,2024-11-30 14:41:33.083404,percayakan masker aktifitas bowin semoga kondisi masker pengiriman terimakasih mimin,positive
bintang 5,6 bulan lalu,16,2024-11-30 14:41:33.083427,percayakan masker aktifitas bowin semoga kondisi masker pengiriman terimakasih mimin,positive
bintang 5,1 bulan lalu,16,2025-04-30 14:41:33.083451,puas belanja rekomen seller,neutral
bintang 5,8 bulan lalu,16,2024-09-30 14:41:33.083476,cepat beli kemarin produknya semoga bagus,positive
bintang 5,6 bulan lalu,16,2024-11-30 14:41:33.083501,refeel bagus,neutral
bintang 5,2 bulan lalu,16,2025-03-30 14:41:33.083525,oke barang diterima mantap pelayanannya terimakasih,positive
bintang 5,3 bulan lalu,16,2025-02-28 14:41:33.083550,sepaket beli cepat,positive
bintang 5,6 bulan lalu,16,2024-11-30 14:41:33.083587,langganan beli masker toko pengiriman cepat kecewa belanja sukses usahanya kak,positive
bintang 5,8 bulan lalu,16,2024-09-30 14:41:33.083611,barang sdh packing rapih,neutral
bintang 4,4 bulan lalu,16,2025-01-30 14:41:33.083649,kualitas menurun karet longgar material maskert tipis,positive
bintang 5,4 bulan lalu,16,2025-01-30 14:41:33.083688,produk sesuai packing aman bahan nyaman dipakai seller ramah,positive
bintang 5,5 bulan lalu,16,2024-12-30 14:41:33.083712,langganan masker bahannya tebal tipis cocok dipakai motor sakit,positive
bintang 5,10 bulan lalu,16,2024-07-30 14:41:33.083742,produk sesuai nyaman dipake seller ramah,positive
bintang 5,2 bulan lalu,16,2025-03-30 14:41:33.083778,kualitas sesuai deskripsi nyaman dipakai barang diterima kondisi sesuai diorder warna,positive
bintang 5,9 bulan lalu,16,2024-08-30 14:41:33.083813,oke selamat dicek semoga oke kualitas,positive
bintang 5,6 bulan lalu,16,2024-11-30 14:41:33.083837,bahan tebal tipis enak dipakai pakai seharian besoknya ganti sm,neutral
bintang 5,6 bulan lalu,16,2024-11-30 14:41:33.083875,putus pc dipake aman dipake nyaman pakai merk,positive
bintang 4,9 bulan lalu,16,2024-08-30 14:41:33.083899,maskernya sesuai foto nyaman pas pakai lamaan kaya serat tipis kapas dalamnya overall oke,positive
bintang 4,6 bulan lalu,16,2024-11-30 14:41:33.083948,kualitas menurun tali maskernya longgar ngepas,positive
bintang 5,6 bulan lalu,19,2024-11-30 14:41:33.083972,berfungsi pengirimannya aman pakai bubble tebal cepat pengirimannya terimakasih seller sangat_puas,positive
bintang 5,3 minggu lalu,19,2025-05-09 14:41:33.083996,memilih timbangan merk baterai aaa repotnya mesti pasang lepas baterai korosi jarang menggunakannya,negative
bintang 5,6 bulan lalu,19,2024-11-30 14:41:33.084007,packing aman semoga berfungsi awet terima kasih,positive
bintang 5,8 bulan lalu,19,2024-09-30 14:41:33.084035,puas banget pengiriman cepat aman rusak,positive
bintang 5,1 minggu lalu,19,2025-05-23 14:41:33.084072,alhamdulillah timbangan cepat ramahbarang terima komplittidak bubble wrapnya aman tebal terimakasih selle,positive
bintang 5,2 bulan lalu,19,2025-03-30 14:41:33.084083,paketnya selamat packing raoih aman harga bersaing disko fo sesuai reques tes aktif mudahÂ²an awet mkasih juragan tokped,positive
bintang 5,5 bulan lalu,19,2024-12-30 14:41:33.084124,cepat packing aman bubble sesuai gambar deskripsi berfungsi tampilan keren harga termurah muantafh,positive
bintang 5,1 minggu lalu,19,2025-05-23 14:41:33.084151,barang buagus jamin goresan sedikitpun pakai pelapis tebal puas terimakasih kakak,positive
bintang 5,1 minggu lalu,19,2025-05-23 14:41:33.084177,paketnya amantimbangannya berfungsi baikkualitasnya oke banget walopun harganya murmerrekomended banget,positive
bintang 5,8 bulan lalu,19,2024-09-30 14:41:33.084185,maasyaa allah barangnya bagus pakingnya kuat penjualnya responnya cepat ekspedisi kurir rekomended belanja maaf,positive
bintang 5,7 bulan lalu,19,2024-10-30 14:41:33.084213,terima kasih barang diterima dg dibungkus dg tebal keamanan terjamin semoga awet charger,positive
bintang 5,6 bulan lalu,19,2024-11-30 14:41:33.084239,terimakasih paket diterima lumayan cepat dipacking rapih aman barangnya coba berfungsi pokoknya recommended,positive
bintang 5,7 bulan lalu,19,2024-10-30 14:41:33.084263,timbangan bagus pencahayaan timbangannya gelap pesan timbangan berat badan warna abu abu kena gelap,negative
bintang 5,2 minggu lalu,19,2025-05-16 14:41:33.084288,alhamdulillah real pict amanah cepat dicoba nyala pack aman dilapisi bubble tebal istimewa hrg murah,positive
bintang 5,1 bulan lalu,19,2025-04-30 14:41:33.084299,paket oke prodak oke kwalitas oke memuaskan,positive
bintang 5,2 bulan lalu,19,2025-03-30 14:41:33.084326,barangnya sesuai pesanan terteradi gambar penyampaiannya informasi diarahkan penerima,neutral
bintang 5,2 minggu lalu,19,2025-05-16 14:41:33.084350,barang amansesuai gambarpackingan rapi,neutral
bintang 5,8 bulan lalu,19,2024-09-30 14:41:33.084361,barangnya bagus bangetharga miringpackingannya aman sentosa dehhseller oke rekomended terima kasih seller kurir toped,positive
bintang 5,5 bulan lalu,19,2024-12-30 14:41:33.084389,bagus sesuai pesanan packing rapih aman cepat,positive
bintang 5,4 bulan lalu,19,2025-01-30 14:41:33.084415,barang keterima sesuai pesanan respon cepat kirim cepat,positive
bintang 5,3 minggu lalu,19,2025-05-09 14:41:33.084441,bagus_banget sesuai ekspektasi rugi klok cekout,positive
bintang 5,6 bulan lalu,19,2024-11-30 14:41:33.084452,barang super duper keren bagus_banget bermanfaat packing rapih nyampe rumah aman cacat cepat barang sesuai pesanan warna da,positive
bintang 4,8 bulan lalu,19,2024-09-30 14:41:33.084497,barang berfungsi oke lecet barang,neutral
bintang 5,7 bulan lalu,19,2024-10-30 14:41:33.084537,bagus ganti baterai tinggal charge,neutral
bintang 5,3 minggu lalu,19,2025-05-09 14:41:33.084571,barang sesuai pesanan,positive
bintang 1,5 hari lalu,19,2025-05-25 14:41:33.084581,rusak ko kirim kirim pengajuan pengembalian barang respon selesnyagak tanggung,neutral
bintang 5,1 minggu lalu,19,2025-05-23 14:41:33.084589,cepat bagus sesuai pesanan semoga awet,positive
bintang 5,1 minggu lalu,19,2025-05-23 14:41:33.084596,packing aman pol produk berfungsi udah dites cas,positive
bintang 5,10 bulan lalu,19,2024-07-30 14:41:33.084603,sesuai pesanan barang diterima kondisi bagus packing rapi aman pelayanan fast respon semoga awet bermanfaaat laris jualanya juragan,positive
bintang 5,6 bulan lalu,19,2024-11-30 14:41:33.084631,produk sesuai deskripsi buatannya halus harga bersaing,positive
bintang 5,1 bulan lalu,19,2025-04-30 14:41:33.084669,fungsi semoga awet batere pakai charger pusing beli batere,neutral
bintang 5,6 bulan lalu,19,2024-11-30 14:41:33.084704,respon seller cepat sesuai deskripsi semoga awet recommended,positive
bintang 5,7 bulan lalu,19,2024-10-30 14:41:33.084729,bagus berfungsi terimakasih,positive
bintang 5,9 bulan lalu,19,2024-08-30 14:41:33.084753,keren murah akurat barang berfungsi ragu beli,positive
bintang 5,7 bulan lalu,19,2024-10-30 14:41:33.084777,barangnya ajukan pengembalian coba kali akurat coba sesuai sellernya ramah,positive
bintang 5,10 bulan lalu,19,2024-07-30 14:41:33.084800,produk bagus packing aman banget cepat,positive
bintang 1,1 minggu lalu,19,2025-05-23 14:41:33.084837,kecewa berat kasih barangnya rusak sesuai ekspektasi,positive
bintang 5,6 bulan lalu,19,2024-11-30 14:41:33.084851,pesanan selamat lecet atauun ruksak the best,neutral
bintang 5,5 bulan lalu,19,2024-12-30 14:41:33.084878,barangnya oke sesuai pesanan toko rekomendasi terima kasih,positive
bintang 4,3 minggu lalu,19,2025-05-09 14:41:33.084902,mantap brgnya pengiriman cepat banget recomended blnja,positive
bintang 5,8 bulan lalu,19,2024-09-30 14:41:33.084912,barang diterima packing rapi pakai bubble wrap double terimakasih,positive
bintang 5,2 hari lalu,19,2025-05-28 14:41:33.084939,packing aman cepat barang ditrima,positive
bintang 5,3 hari lalu,19,2025-05-27 14:41:33.084949,sdh diterima bagus dg hrg segitu awet lihat,positive
bintang 5,3 minggu lalu,19,2025-05-09 14:41:33.084957,alhmdllh paket dateng reelpick murah tokonya amanah sukses sellu aamiin,positive
bintang 2,3 minggu lalu,19,2025-05-09 14:41:33.084964,kecewabarang datengnyala fungsinya baiktp pas dicek ngecaslubang casnya ngecasnyakosonggmn btrenya habis,positive
bintang 5,2 minggu lalu,19,2025-05-16 14:41:33.084971,trimakasih seller paket terima kasih pengemasanya rapi amanah trimakasih moga laris manis,positive
bintang 5,3 bulan lalu,19,2025-02-28 14:41:33.084977,bagus cepat respon mantap fhfrujfykjgh,positive
bintang 5,3 minggu lalu,19,2025-05-09 14:41:33.085005,timbangannya bagus sesuai dg gambar oke pokoknya,neutral
bintang 5,1 hari lalu,19,2025-05-29 14:41:33.085015,coba berfungsi,neutral
bintang 5,1 minggu lalu,19,2025-05-23 14:41:33.085023,timbangan bagus_banget mewah berfungsi packing aman bubble rap tebal recomended tokonya semoga amanah,positive
bintang 5,3 minggu lalu,19,2025-05-09 14:41:33.085030,bagus pas packingan mantap banget tahan banting krna pakai bahan tambahan,positive
bintang 5,6 bulan lalu,19,2024-11-30 14:41:33.085037,penjual responsif komplain bagus sayang layanan kurir barang terlambat,positive
bintang 5,7 bulan lalu,19,2024-10-30 14:41:33.085065,barang sesuai pesanan berfungsi packaging aman,positive
bintang 5,7 bulan lalu,19,2024-10-30 14:41:33.085102,barang sdh diterima chas ko charger longgar nge chas,positive
bintang 5,1 bulan lalu,19,2025-04-30 14:41:33.085126,packing pengiriman mantap produk oke fitur berfungsi terimakasih,positive
bintang 5,1 minggu lalu,19,2025-05-23 14:41:33.085160,timbangannya bagus akurat pecah,neutral
bintang 5,3 minggu lalu,19,2025-05-09 14:41:33.085171,barang sesuai pesanan berfungsi baikbaguspengemasan rapi,positive
bintang 5,1 bulan lalu,19,2025-04-30 14:41:33.085178,barang sesuai bagus nyampainya lebaran,positive
bintang 5,9 bulan lalu,19,2024-08-30 14:41:33.085205,kualitas barang kurir respon penjual oke,positive
bintang 4,4 bulan lalu,19,2025-01-30 14:41:33.085242,packing bagus aman selamat tujuan timbangan berfungsi desain lumayan recomanded saller,positive
bintang 5,3 minggu lalu,19,2025-05-09 14:41:33.085267,sesuai pesanan peking aman berfungsi,positive
bintang 5,3 minggu lalu,19,2025-05-09 14:41:33.085277,packinganya rapi barangnya bagus,positive
bintang 5,8 bulan lalu,19,2024-09-30 14:41:33.085284,mantap barang sesuai pesanan fungsinya aktif,positive
bintang 5,6 bulan lalu,19,2024-11-30 14:41:33.085329,mantappppppppppp berfungsi harga bersahabat,positive
bintang 5,1 minggu lalu,19,2025-05-23 14:41:33.085363,penggunaan,neutral
bintang 5,3 minggu lalu,19,2025-05-09 14:41:33.085374,sesuai ekspektasi bubblenya bagus makasij,positive
bintang 5,3 minggu lalu,19,2025-05-09 14:41:33.085381,packing rapih mantapamanah ragu beli toko inipertahankan kwalitasnya,neutral
bintang 5,6 bulan lalu,19,2024-11-30 14:41:33.085388,bagus berfungsi,neutral
bintang 5,6 bulan lalu,19,2024-11-30 14:41:33.085416,bagus sesuai pesanan cepat,positive
bintang 5,2 hari lalu,19,2025-05-28 14:41:33.085441,barang bagus sesuai amanah dech pokok,positive
bintang 5,10 bulan lalu,19,2024-07-30 14:41:33.085451,paking aman timbagan normal terimakasih,positive
bintang 5,2 minggu lalu,19,2025-05-16 14:41:33.085478,trmksh kak barang aman berfungsi dg,positive
bintang 4,7 bulan lalu,19,2024-10-30 14:41:33.085488,alhamdulillah barang bagus,positive
bintang 5,3 minggu lalu,19,2025-05-09 14:41:33.085515,bagus berfungsi,neutral
bintang 1,6 bulan lalu,19,2024-11-30 14:41:33.085524,pas coba angkanya eror kirain baterei lemah coba charge ttp,neutral
bintang 5,7 bulan lalu,19,2024-10-30 14:41:33.085551,alhamdulillah paket timbanganya dateng selamat mudah han awet,positive
bintang 5,10 bulan lalu,19,2024-07-30 14:41:33.085575,respon cepat packing bagus kuat mantaap,positive
bintang 4,2 minggu lalu,19,2025-05-16 14:41:33.085599,bagus eror nomor,neutral
bintang 5,3 minggu lalu,19,2025-05-09 14:41:33.085609,barang bngus berfungsi,neutral
bintang 5,7 bulan lalu,19,2024-10-30 14:41:33.085617,alhamdulillah selamat mantapaman terima kasih sellerpengiriman oklumayanlah,positive
bintang 5,8 bulan lalu,19,2024-09-30 14:41:33.085644,pelayanan tanggung,neutral
bintang 5,3 minggu lalu,19,2025-05-09 14:41:33.085669,kualitas pengerjaan oke penggunaan oke,positive
bintang 1,2 minggu lalu,19,2025-05-16 14:41:33.085679,hancur,neutral
bintang 5,3 minggu lalu,19,2025-05-09 14:41:33.085687,alhamdulilah barangnya sampaisesuai gambar,neutral
bintang 5,5 bulan lalu,19,2024-12-30 14:41:33.085694,packing aman barang sesuai pesanan,positive
bintang 5,8 bulan lalu,19,2024-09-30 14:41:33.085720,sesuai expectasi,positive
bintang 5,2 hari lalu,19,2025-05-28 14:41:33.085746,bagus sesuai pesanan,positive
bintang 5,1 minggu lalu,19,2025-05-23 14:41:33.085755,bagus,neutral
bintang 1,6 bulan lalu,19,2024-11-30 14:41:33.085763,berat badan ditimbangan sesuai,neutral
bintang 5,8 bulan lalu,19,2024-09-30 14:41:33.085790,barang dg aman mantapmudah mudaham awettrimakasih id ekpress,positive
bintang 5,3 hari lalu,19,2025-05-27 14:41:33.085828,alhamdulillah sesuai,positive
bintang 5,3 minggu lalu,19,2025-05-09 14:41:33.085838,bagus semoga awet tahan,positive
bintang 5,10 bulan lalu,19,2024-07-30 14:41:33.085845,pengiruman cepat barangnya siiippp,positive
bintang 5,5 bulan lalu,19,2024-12-30 14:41:33.085872,mantappp barang bagusss bangett,neutral
bintang 1,3 minggu lalu,19,2025-05-09 14:41:33.085922,barang eror pecah,neutral
bintang 5,1 minggu lalu,19,2025-05-23 14:41:33.085932,cepat rapi,positive
bintang 5,3 hari lalu,19,2025-05-27 14:41:33.085939,bagus,neutral
bintang 5,11 bulan lalu,19,2024-06-30 14:41:33.085946,oke matapp,neutral
bintang 1,4 bulan lalu,19,2025-01-30 14:41:33.085974,timbangan berfungsi,negative
bintang 5,3 hari lalu,19,2025-05-27 14:41:33.085999,bagusss,neutral
bintang 5,1 minggu lalu,19,2025-05-23 14:41:33.086009,mantap semoga awet,positive
bintang 5,7 bulan lalu,19,2024-10-30 14:41:33.086080,barangnya okeh banget terima kasih,positive
bintang 5,9 bulan lalu,19,2024-08-30 14:41:33.086104,good,positive
bintang 5,6 bulan lalu,19,2024-11-30 14:41:33.086128,berguna,positive
bintang 5,6 bulan lalu,19,2024-11-30 14:41:33.086152,semoga awet,positive
bintang 5,7 bulan lalu,19,2024-10-30 14:41:33.086176,puas barangnya mantap,positive
bintang 5,6 bulan lalu,19,2024-11-30 14:41:33.086200,cepat pengiriman,positive
bintang 5,1 minggu lalu,19,2025-05-23 14:41:33.086224,bagus memuaskan,neutral
bintang 5,2 minggu lalu,19,2025-05-16 14:41:33.086234,bagus bgttttt,neutral
bintang 5,2 hari lalu,19,2025-05-28 14:41:33.086242,sesuai,positive
bintang 5,2 minggu lalu,19,2025-05-16 14:41:33.086249,sesuai,positive
bintang 4,2 hari lalu,19,2025-05-28 14:41:33.086256,bagus,neutral
bintang 5,1 minggu lalu,19,2025-05-23 14:41:33.086263,bagus,neutral
bintang 5,1 minggu lalu,19,2025-05-23 14:41:33.086269,bagus,neutral
bintang 4,1 minggu lalu,19,2025-05-23 14:41:33.086276,bagus,neutral
bintang 5,2 minggu lalu,19,2025-05-16 14:41:33.086283,bagus,neutral
bintang 5,8 bulan lalu,19,2024-09-30 14:41:33.086289,bagus,neutral
bintang 4,4 minggu lalu,19,2025-05-02 14:41:33.086317,smpai mendarat slmt,neutral
bintang 5,6 bulan lalu,19,2024-11-30 14:41:33.086327,bagus suka,positive
bintang 5,6 bulan lalu,19,2024-11-30 14:41:33.086355,mantap,positive
bintang 5,1 minggu lalu,19,2025-05-23 14:41:33.086380,kereeeennnnn,neutral
bintang 5,1 minggu lalu,19,2025-05-23 14:41:33.086390,berfungksi,neutral
bintang 5,7 bulan lalu,19,2024-10-30 14:41:33.086398,joslah,neutral
bintang 5,7 bulan lalu,19,2024-10-30 14:41:33.086425,oke,neutral
bintang 5,2 minggu lalu,19,2025-05-16 14:41:33.086451,istimewaaa,neutral
bintang 4,8 bulan lalu,19,2024-09-30 14:41:33.086461,,neutral
bintang 5,6 bulan lalu,20,2024-11-30 14:41:33.086488,oke banget segini mah sedikin rembesan dibuka terhitung wajar alkohol didalam botolnya aman ditambahk,positive
bintang 5,5 bulan lalu,20,2024-12-30 14:41:33.086514,barang sesuai packing aman kuallitas,positive
bintang 5,8 bulan lalu,20,2024-09-30 14:41:33.086538,reorder mantap barang dengna aman,positive
bintang 5,7 bulan lalu,20,2024-10-30 14:41:33.086562,kualitasnya bagus bersih packing ditingkatkan biar aman semoga bermanfaat aamiin terima kasih,positive
bintang 5,2 bulan lalu,20,2025-03-30 14:41:33.086586,langganan order zaman pandemi aman diplastik dus bocor exp jauuuh,neutral
bintang 5,10 bulan lalu,20,2024-07-30 14:41:33.086610,barang sesuai packing aman bocor terima kasih admin,positive
bintang 5,2 bulan lalu,20,2025-03-30 14:41:33.086635,rutin beli alkohol bersihin tangan barang hilangin lalat ruangan pakai flycatcher ordernya,positive
bintang 5,1 minggu lalu,20,2025-05-23 14:41:33.086659,pengiriman super cepat packing bagus barang lengkap terima kasih,positive
bintang 5,2 bulan lalu,20,2025-03-30 14:41:33.086669,barang berfungsi cepat bungkus rapi aman,positive
bintang 5,11 bulan lalu,20,2024-06-30 14:41:33.086707,barang sesuai deskripsi packing bagus seller fast respond terimakasih,positive
bintang 5,2 minggu lalu,20,2025-05-16 14:41:33.086737,barang diterima aman bocor rusak,neutral
bintang 5,6 bulan lalu,20,2024-11-30 14:41:33.086755,kemasan rapih skrg bocor pembelian ketiga kali kualitas mantapp,neutral
bintang 5,5 bulan lalu,20,2024-12-30 14:41:33.086795,product aman pengiriman lengkap seller bertanggung tawarkan dana tujuannya barang keras kepala tap,positive
bintang 5,8 bulan lalu,20,2024-09-30 14:41:33.086820,kemasan rapi cepat respon penjual cepat mantappp,positive
bintang 5,5 bulan lalu,20,2024-12-30 14:41:33.086844,barang sesuai pesanan cepat nyampenya alkohol asli onemed,positive
bintang 5,8 bulan lalu,20,2024-09-30 14:41:33.086868,alkoholnya tersegel dikemas kantong plastik kebocoran produk terima kasih,positive
bintang 5,8 bulan lalu,20,2024-09-30 14:41:33.086906,langganan order produk zaman covid skrg stok desinfektan barang packing aman produk bocor,positive
bintang 5,2 bulan lalu,20,2025-03-30 14:41:33.086930,unit asli diterima,neutral
bintang 5,1 bulan lalu,20,2025-04-30 14:41:33.086953,barang aman tertunda pengirimannya libur lebaran,positive
bintang 5,10 bulan lalu,20,2024-07-30 14:41:33.086978,andalan aman cepat pengirimannya mantap sukses teruss,positive
bintang 5,5 bulan lalu,20,2024-12-30 14:41:33.087002,mantaap diterima cepat banget bandung kereen,positive
bintang 5,4 bulan lalu,20,2025-01-30 14:41:33.087026,pesanan onemed alkohol diterima terima kasih pelayanannya,positive
bintang 5,11 bulan lalu,20,2024-06-30 14:41:33.087050,langganan covid maaf fotonya relevan barangnya sdh disimpan rapih setok,positive
bintang 5,8 bulan lalu,20,2024-09-30 14:41:33.087074,langganan belanja alat kesehatan inti medika barang bermutu cepat proses,positive
bintang 5,3 bulan lalu,20,2025-02-28 14:41:33.087098,khawatir tnyt toko dibandung alhamdulillah aman tangerang,positive
bintang 5,12 bulan lalu,20,2024-05-30 14:41:33.087123,barang sesuai orderan barang aman,positive
bintang 5,1 bulan lalu,20,2025-04-30 14:41:33.087149,barangnya sesuai pesanan puas,positive
bintang 5,11 bulan lalu,20,2024-06-30 14:41:33.087174,barangnya sesuai pesanan puas,positive
bintang 5,10 bulan lalu,20,2024-07-30 14:41:33.087198,seller gerceppesanan baiktks,neutral
bintang 1,7 bulan lalu,20,2024-10-30 14:41:33.087222,pengiriman dateng bocor,neutral
bintang 5,4 bulan lalu,20,2025-01-30 14:41:33.087246,dicoba segel,neutral
bintang 5,10 bulan lalu,20,2024-07-30 14:41:33.087270,asli segel cepat pengirimanya,positive
bintang 5,10 bulan lalu,20,2024-07-30 14:41:33.087293,barang asli packing aman cepat,positive
bintang 4,7 bulan lalu,20,2024-10-30 14:41:33.087317,kasih bintang alkoholnya bocor bagus tujuan,neutral
bintang 5,5 bulan lalu,20,2024-12-30 14:41:33.087341,barang sesuai expired packing rapih aman cepat,positive
bintang 5,3 minggu lalu,20,2025-05-09 14:41:33.087365,kemasan aman diterima bocor,neutral
bintang 5,1 bulan lalu,20,2025-04-30 14:41:33.087376,layanan capet ramah produk asli realpict kurir cepat drpd kurir kota,positive
bintang 3,3 hari lalu,20,2025-05-27 14:41:33.087403,barang pas kondisi bocor sisa kebanting pecah,negative
bintang 5,2 bulan lalu,20,2025-03-30 14:41:33.087413,packaging rapih barang sesuai deskripsi,neutral
bintang 5,7 bulan lalu,20,2024-10-30 14:41:33.087441,pesanan ammansesuai requestmantap toko langganan,positive
bintang 5,3 minggu lalu,20,2025-05-09 14:41:33.087465,sesuai pesanan respons cepat packing aman recomended,positive
bintang 5,11 bulan lalu,20,2024-06-30 14:41:33.087475,pesanan sesuai packing super aman bubble tebal kardus exp pengiriman cepat thank you kakak,positive
bintang 5,3 bulan lalu,20,2025-02-28 14:41:33.087502,barang diterima terima kasih seller,positive
bintang 5,6 bulan lalu,20,2024-11-30 14:41:33.087527,pelayanan prima free ongkos kirim sehari kemasan bagus barang aman,positive
bintang 5,7 bulan lalu,20,2024-10-30 14:41:33.087551,kakalkoholnya bocor berkurang isinya tolong diperbaiki packingnya barang aman,neutral
bintang 5,12 bulan lalu,20,2024-05-30 14:41:33.087575,cepat packing aman best,positive
bintang 5,11 bulan lalu,20,2024-06-30 14:41:33.087601,barang sesuai packing bagus kebocoran,positive
bintang 5,3 bulan lalu,20,2025-02-28 14:41:33.087626,barang lengkap,neutral
bintang 5,11 bulan lalu,20,2024-06-30 14:41:33.087651,kesekian kalinya tetep mantap,positive
bintang 5,3 bulan lalu,20,2025-02-28 14:41:33.087675,barang sesuai packing kuat aman,positive
bintang 4,2 bulan lalu,20,2025-03-30 14:41:33.087699,beli toko ijo toko oren pengirimannya lambat_banget,neutral
bintang 5,8 bulan lalu,20,2024-09-30 14:41:33.087723,barang diterima terima kasih seller,positive
bintang 5,9 bulan lalu,20,2024-08-30 14:41:33.087747,cepat pengemasan,positive
bintang 5,9 bulan lalu,20,2024-08-30 14:41:33.087771,barang diterima dibukaa terima kasih seller,positive
bintang 5,9 bulan lalu,20,2024-08-30 14:41:33.087795,alhamdulillah murah alkohol,positive
bintang 5,9 bulan lalu,20,2024-08-30 14:41:33.087819,terima kasih barang dipesan diterima aman,positive
bintang 5,11 bulan lalu,20,2024-06-30 14:41:33.087843,,neutral
bintang 5,8 bulan lalu,20,2024-09-30 14:41:33.087867,bocor pengirimannya,neutral
bintang 5,5 bulan lalu,20,2024-12-30 14:41:33.087892,segel tutupnya sulit dibuka,neutral
bintang 4,4 bulan lalu,20,2025-01-30 14:41:33.087917,bocor,neutral
bintang 5,3 bulan lalu,20,2025-02-28 14:41:33.087941,fast shipping good product,positive
bintang 5,6 bulan lalu,20,2024-11-30 14:41:33.087965,fast shipping good product,positive
bintang 5,11 bulan lalu,20,2024-06-30 14:41:33.087989,fast shipping good product,positive
bintang 5,7 bulan lalu,20,2024-10-30 14:41:33.088014,fast respond,neutral
bintang 5,3 bulan lalu,20,2025-02-28 14:41:33.088038,bagus berkualitas,positive
bintang 5,2 bulan lalu,20,2025-03-30 14:41:33.088063,puas bagus teim,positive
bintang 2,8 bulan lalu,20,2024-09-30 14:41:33.088087,bocor,neutral
bintang 5,6 bulan lalu,20,2024-11-30 14:41:33.088111,sesuai deskripsi,neutral
bintang 5,10 bulan lalu,20,2024-07-30 14:41:33.088159,nice,positive
bintang 5,8 bulan lalu,20,2024-09-30 14:41:33.088184,barang sesuai deskrip,positive
bintang 5,10 bulan lalu,20,2024-07-30 14:41:33.088208,nice packing amaan banget,positive
bintang 5,7 bulan lalu,20,2024-10-30 14:41:33.088232,bagus,neutral
bintang 5,3 bulan lalu,20,2025-02-28 14:41:33.088257,sesuai,positive
bintang 5,10 bulan lalu,20,2024-07-30 14:41:33.088281,mantab,neutral
bintang 5,5 bulan lalu,20,2024-12-30 14:41:33.088305,beli,positive
bintang 5,6 bulan lalu,20,2024-11-30 14:41:33.088329,oke,neutral
bintang 5,1 bulan lalu,20,2025-04-30 14:41:33.088353,pesanan diterima,neutral
bintang 5,3 bulan lalu,14,2025-02-28 14:41:33.088449,cepat packing aman kotaknya terpisah isinya karet nyaman bahan sulit bernafas uap nafas tersebar merata membua,positive
bintang 5,3 minggu lalu,14,2025-05-09 14:41:33.088473,tebal asli sayang pengemasannya pakai plastik overall bagus,positive
bintang 5,1 hari lalu,14,2025-05-29 14:41:33.088484,cepat packing aman barang sesuai deskripsi menarik warnawarni bahan tipis dibandingkan putih,neutral
bintang 5,2 hari lalu,14,2025-05-28 14:41:33.088492,barang asli sesuai spek judul respon cepat semoga langganan harga bersaing terima kasih,positive
bintang 5,3 bulan lalu,14,2025-02-28 14:41:33.088500,expired date respon penjual cepat aman packing bagus maskernya dibuka doa plastiknya rapi kak supa,positive
bintang 4,2 bulan lalu,14,2025-03-30 14:41:33.088528,lembut bahannya oke packing rapi,positive
bintang 5,2 bulan lalu,14,2025-03-30 14:41:33.088554,masker nyaman dipakai bersih wangi enak dipakai udara bocor masuk pinggir masker beli harganya murah kualitas tetep,positive
bintang 5,8 bulan lalu,14,2024-09-30 14:41:33.088578,kualitas bagus berfungsi pengiriman keesokan harinya pemesanan,positive
bintang 4,2 bulan lalu,14,2025-03-30 14:41:33.088603,sesuai deskripsi proses cepat packaging rapi,positive
bintang 5,6 bulan lalu,14,2024-11-30 14:41:33.088627,udah x beli barangnya tebal bagus_banget pas banget promo beli murah,positive
bintang 5,7 bulan lalu,14,2024-10-30 14:41:33.088651,pandemi dianggap alangkah baiknya menyediakan masker dipakai bepergian kendaraan bilamana kon,neutral
bintang 5,6 bulan lalu,14,2024-11-30 14:41:33.088675,kualitas bagus cepat packing aman,positive
bintang 4,3 minggu lalu,14,2025-05-09 14:41:33.088699,packaging plastik proses pengiriman lumayan cepat semoga awet,positive
bintang 5,3 bulan lalu,14,2025-02-28 14:41:33.088710,bagus maskernya enak pakai packing rapih cepat sampainya embos mereknya kesempitan pas dipakai wajah,positive
bintang 4,1 bulan lalu,14,2025-04-30 14:41:33.088737,packaging standar proses kiriman cepat semoga cocok,positive
bintang 5,1 bulan lalu,14,2025-04-30 14:41:33.088762,respon cepat kemasan aman belanja ti toko,positive
bintang 5,2 bulan lalu,14,2025-03-30 14:41:33.088786,cepat barang sesuai deskripsi recommended,neutral
bintang 5,7 bulan lalu,14,2024-10-30 14:41:33.088810,maskernya bagus kasar terima kasih,positive
bintang 5,2 bulan lalu,14,2025-03-30 14:41:33.088849,rekomended oacking safety seller fast respon terima kasih,positive
bintang 5,7 bulan lalu,14,2024-10-30 14:41:33.088873,mantaap cepat delivery coba sebagus one med,positive
bintang 3,7 bulan lalu,14,2024-10-30 14:41:33.088898,packaging plastik masker dibungkus plastik ter seal rapat steril,neutral
bintang 5,1 bulan lalu,14,2025-04-30 14:41:33.088922,beli masker tebal murah warna campur seneng banget terima kasih seller pas,positive
bintang 5,2 bulan lalu,14,2025-03-30 14:41:33.088946,pesen jaga debu lingkungan,neutral
bintang 5,2 bulan lalu,14,2025-03-30 14:41:33.088971,maskernya bagus sesuai pesanan talinya utuh putus ply,positive
bintang 5,4 bulan lalu,14,2025-01-30 14:41:33.088996,mantap ro kesekian kalinyasuper fast responseterbaek,positive
bintang 5,1 bulan lalu,14,2025-04-30 14:41:33.089020,bagus bingit mantap recomended seller,neutral
bintang 5,3 bulan lalu,14,2025-02-28 14:41:33.089044,semenjak covid pakai mask udah habit cepat nyaman terimakasih,positive
bintang 2,10 bulan lalu,14,2024-07-30 14:41:33.089068,aneh barang pengiriman masker kotak kotak dilipat semdiri palsu at masker kotak berkaitan,negative
bintang 5,2 bulan lalu,14,2025-03-30 14:41:33.089093,produk sesuai deskripsi cepat terima kasih,positive
bintang 5,10 bulan lalu,14,2024-07-30 14:41:33.089117,bahan masker hapus lembut gatal kasar nyaman dipakai barang diterima kondisi,neutral
bintang 5,3 minggu lalu,14,2025-05-09 14:41:33.089141,barang aman semoga bagus dipegang tebal sesuai pokoknya,positive
bintang 5,8 bulan lalu,14,2024-09-30 14:41:33.089152,kali pesan bahannya tebal good diskon gede produk lengkap amanah tokonya,positive
bintang 5,3 minggu lalu,14,2025-05-09 14:41:33.089179,oke banget dicoba semoga enak dipake trimakasih,positive
bintang 5,1 bulan lalu,14,2025-04-30 14:41:33.089189,lorem ipsum dolor sit amet consectetur adipiscing elit phasellus nec dui non libero feugiat mollis,neutral
bintang 5,8 bulan lalu,14,2024-09-30 14:41:33.089216,produk oke cepat kemasan rapi thankyou seller,positive
bintang 4,3 bulan lalu,14,2025-02-28 14:41:33.089241,sesuai pesanan deskripsi etalasenya bahannya lumayan,neutral
bintang 5,4 bulan lalu,14,2025-01-30 14:41:33.089265,pke masker merk med terimakasih semoga bnyak diskonanya,positive
bintang 5,2 bulan lalu,14,2025-03-30 14:41:33.089290,sesuai tawarkan etalase,positive
bintang 5,6 bulan lalu,14,2024-11-30 14:41:33.089343,cepat bahan tebal kardus kekecilan muat maskernya dimasukan dus overall recommended,positive
bintang 5,3 minggu lalu,14,2025-05-09 14:41:33.089371,bagus tipis nyaman bikin gatal packaging aman kualitas barang will rebuy this heheh,positive
bintang 5,3 bulan lalu,14,2025-02-28 14:41:33.089383,bahan bagus sesuai gambar masker tebal dipakai indoor outdoor,positive
bintang 5,5 bulan lalu,14,2024-12-30 14:41:33.089411,bagus nyaman dipakai harga murah recomended pokoknya dibeli,positive
bintang 5,9 bulan lalu,14,2024-08-30 14:41:33.089436,suka masker tipis tebal,positive
bintang 5,2 bulan lalu,14,2025-03-30 14:41:33.089461,bagus cepat respon penjual cepat,positive
bintang 3,11 bulan lalu,14,2024-06-30 14:41:33.089485,masker berwarna tipis beda banding merk gatau masker berwarna merk med kualitas bagusan pad,neutral
bintang 5,3 minggu lalu,14,2025-05-09 14:41:33.089510,barang sesuai order proses pemesanan pengiriman cepat kemasan paket aman rapih terima kasih sukses,positive
bintang 5,6 bulan lalu,14,2024-11-30 14:41:33.089521,bagus kemasan tulisan med,neutral
bintang 5,4 minggu lalu,14,2025-05-02 14:41:33.089548,x beli kualitasnya cepat cepat diprosesnya,positive
bintang 5,8 bulan lalu,14,2024-09-30 14:41:33.089558,puas belanja ditoko inidpt harga murah kwalitas bagus terima kasih mas kurir,positive
bintang 5,5 bulan lalu,14,2024-12-30 14:41:33.089586,alhamdulillah pesanan aman sesuai insha allah dipakainya comfort stylish modelnya oke bahannya insha allah bagus packing rapi bersegel,positive
bintang 5,1 bulan lalu,14,2025-04-30 14:41:33.089611,barang sesuai deskripsi packing rapi masker keluarkan kerdusnya time kerdusnya,neutral
bintang 5,1 bulan lalu,14,2025-04-30 14:41:33.089636,produknya terima kasih suka,positive
bintang 5,1 bulan lalu,14,2025-04-30 14:41:33.089660,produknya terima kasih suka,positive
bintang 5,11 bulan lalu,14,2024-06-30 14:41:33.089684,bagus keren sesuai deskripsi foto iklan,positive
bintang 5,7 bulan lalu,14,2024-10-30 14:41:33.089708,masker langganan barang berkualitas makasi seller,positive
bintang 5,7 bulan lalu,14,2024-10-30 14:41:33.089732,barang sesuai pesanan kualitas masker bagus,positive
bintang 5,5 bulan lalu,14,2024-12-30 14:41:33.089756,pas banget cocok bahanya adem model duckbil warna putih,positive
bintang 5,7 bulan lalu,14,2024-10-30 14:41:33.089781,okokokokokokokokokoookooookkoookoookookkko,neutral
bintang 5,3 bulan lalu,14,2025-02-28 14:41:33.089805,overall kualitas oke kenyamanan masker,positive
bintang 5,7 bulan lalu,14,2024-10-30 14:41:33.089831,kualitas produk bagus pengiriman cepat pengemasan bagus rusak aman terima kasih,positive
bintang 5,6 bulan lalu,14,2024-11-30 14:41:33.089855,okokokokokokokokokokokopesenan sekian kali,neutral
bintang 5,3 bulan lalu,14,2025-02-28 14:41:33.089879,bahannya kasar harga diatas produk kualitasnya beli softies,positive
bintang 5,4 bulan lalu,14,2025-01-30 14:41:33.089903,bau gitu maskernya ngeganggu kirain mahal bau gini overall maskernya tebal dusnya muat,neutral
bintang 5,6 bulan lalu,14,2024-11-30 14:41:33.089927,barang diorder sesuai deskripsi pesanan terima kasih kardus masker beda masker masuk maskernya kardus kardus kekecilan kakak,neutral
bintang 5,6 bulan lalu,14,2024-11-30 14:41:33.089951,langganan restock dipakai harinya beraktifitas kualitasnya oke banget pengiriman bogor dikemas plasti,positive
bintang 5,5 bulan lalu,14,2024-12-30 14:41:33.089975,bagus sesuai maksernya bahannya tebal karetnya mudah putus,positive
bintang 5,10 bulan lalu,14,2024-07-30 14:41:33.089999,pengiriman cepat seller ingatkan diproses produknya,positive
bintang 5,9 bulan lalu,14,2024-08-30 14:41:33.090022,packing oke rusak masker tebal enak dipakai,positive
bintang 5,9 bulan lalu,14,2024-08-30 14:41:33.090046,kualitas bagus nyaman dipakai cepat,positive
bintang 5,7 bulan lalu,14,2024-10-30 14:41:33.090069,cepat produk oke harga terjangkau warnanya soft bagus,positive
bintang 5,8 bulan lalu,14,2024-09-30 14:41:33.090093,bahan masker dipakai enak gatal kulit wajahbahan masker dipakai enak gatal kulit wajah,negative
bintang 5,9 bulan lalu,14,2024-08-30 14:41:33.090117,respon seller cepat cepat packing aman harga masker murah,positive
bintang 5,2 bulan lalu,14,2025-03-30 14:41:33.090140,bahan tebal lembut ukuran pas kenyamanan nyaman mudah bernafas,positive
bintang 5,4 bulan lalu,14,2025-01-30 14:41:33.090164,beli masker toko seller ramah gercep barang aman rusak exp terima kasih seller,positive
bintang 5,11 bulan lalu,14,2024-06-30 14:41:33.090188,bahan bagus pengirimannya cepat,neutral
bintang 5,8 bulan lalu,14,2024-09-30 14:41:33.090211,bahan nyaman lembut dewasa cocok,positive
bintang 5,2 bulan lalu,14,2025-03-30 14:41:33.090235,barang sesuai respon cepat packing aman,positive
bintang 5,9 bulan lalu,14,2024-08-30 14:41:33.090259,barang sesuai spek cocok masker harian admin gud barang gud,positive
bintang 5,2 bulan lalu,14,2025-03-30 14:41:33.090283,okokokokokokokokokokokokokokokokokookokokk,neutral
bintang 5,6 bulan lalu,14,2024-11-30 14:41:33.090307,packing amanmaskernya baulumayan tebal kasar diwajah,positive
bintang 5,3 bulan lalu,14,2025-02-28 14:41:33.090331,kualitas sesuai pengiriman cepat its oke,positive
bintang 5,8 bulan lalu,14,2024-09-30 14:41:33.090355,smpaiproses lumayan cepetpacking rapi amandan maskernya bagustali kuatpkoknya sesuai ekspektasi,neutral
bintang 5,7 bulan lalu,14,2024-10-30 14:41:33.090379,mantap pas banget muka tipis,positive
bintang 5,10 bulan lalu,14,2024-07-30 14:41:33.090403,lumayan tebal packaging oke sesuai,positive
bintang 5,5 bulan lalu,14,2024-12-30 14:41:33.090428,okesesuai hargacuma packingnya kurangpenyokÂ²,neutral
bintang 5,3 bulan lalu,14,2025-02-28 14:41:33.090452,okokokokokookokokokokokokokokokokokokoooooo,neutral
bintang 4,1 bulan lalu,14,2025-04-30 14:41:33.090475,masker nyaman banget dipakai harian,positive
bintang 5,8 bulan lalu,14,2024-09-30 14:41:33.090499,kualitas masker bagus cepat oke,positive
bintang 5,11 bulan lalu,14,2024-06-30 14:41:33.090523,fast respon barang sesuai pesanan cepat terima kasih,positive
bintang 5,1 bulan lalu,14,2025-04-30 14:41:33.090547,cakep keberapa kali beli masker duckbill cocok banget kontur muka proses pengiriman lancar kondisi sukses,positive
bintang 5,10 bulan lalu,14,2024-07-30 14:41:33.090571,mantap nyaman dipakai pas dimuka pembelian berulang luaar biasaa,positive
bintang 5,10 bulan lalu,14,2024-07-30 14:41:33.090595,cepat barang sesuai packing rapih isinya sesuai thankyouu,positive
bintang 5,3 bulan lalu,14,2025-02-28 14:41:33.090619,masker tebal melindungi debu jalananmodel bagus,neutral
bintang 5,8 bulan lalu,14,2024-09-30 14:41:33.090643,kotaknya masker tersegel,neutral
bintang 5,7 bulan lalu,14,2024-10-30 14:41:33.090667,masker pas anakÂ² berkegiatan diluar rumah terhindar dr debu,positive
bintang 5,3 bulan lalu,14,2025-02-28 14:41:33.090691,musim hujan teman-teman jaga kesehatannya capai,neutral
bintang 5,3 bulan lalu,14,2025-02-28 14:41:33.090715,masker kualitasnya bagus beli kali toko cepat,positive
bintang 5,2 bulan lalu,14,2025-03-30 14:41:33.090738,cepat kemasan aman maskernya kardus,positive
bintang 5,6 bulan lalu,14,2024-11-30 14:41:33.090762,bahan bagusss pas harga okeeee mudah,positive
bintang 5,2 minggu lalu,14,2025-05-16 14:41:33.090786,kualitas produk oke harga murahhh mantaapppp,positive
bintang 5,10 bulan lalu,14,2024-07-30 14:41:33.090797,pengiriman sesuai barang sesuai semoga oke,positive
bintang 4,8 bulan lalu,14,2024-09-30 14:41:33.090824,bagus tebal bahan,neutral
bintang 5,4 bulan lalu,14,2025-01-30 14:41:33.090849,bahannya nyaman engap dipakenya bbrp kali beli mantabs,positive
bintang 4,8 bulan lalu,14,2024-09-30 14:41:33.090873,bagus cacat terimakasih seller langganan,positive
bintang 5,9 bulan lalu,14,2024-08-30 14:41:33.090897,harga murah cepat packinh rapih,positive
bintang 5,11 bulan lalu,14,2024-06-30 14:41:33.090922,sesuai pesanan bungkus rapi thanx seller tokopedia,positive
bintang 5,5 bulan lalu,14,2024-12-30 14:41:33.090946,kualitas masker bagus langganan membeli recommend,positive
bintang 5,4 bulan lalu,14,2025-01-30 14:41:33.090971,mantap barang tebal bagus niceee s,positive
bintang 5,5 bulan lalu,14,2024-12-30 14:41:33.090995,kesekian kalinya beli masker tipe pas keluarga bikin sesak,positive
bintang 5,11 bulan lalu,14,2024-06-30 14:41:33.091019,produk sesuai aman cepat,positive
bintang 5,3 bulan lalu,14,2025-02-28 14:41:33.091043,pesanan aman maskernya bagus,positive
bintang 5,9 bulan lalu,14,2024-08-30 14:41:33.091068,dipisahiin box isinya packaging aman kirim cepat tengkyu,positive
bintang 5,8 bulan lalu,14,2024-09-30 14:41:33.091092,cepat barang sesuai aman terima kasih seller,positive
bintang 5,8 bulan lalu,14,2024-09-30 14:41:33.091116,oke mantab aman kenyamanan bahan ukuran model warna,positive
bintang 5,6 bulan lalu,14,2024-11-30 14:41:33.091140,nyaman dipakai alhamdulillah menolong batuk,positive
bintang 5,4 bulan lalu,14,2025-01-30 14:41:33.091164,sesuai pesanan datengnya cepat barang terbungkus terima kasih,positive
bintang 5,1 bulan lalu,14,2025-04-30 14:41:33.091188,pengiriman produk sesuai wowkay,positive
bintang 5,2 bulan lalu,14,2025-03-30 14:41:33.091211,oke produknya sesuai deskripsi sukses,positive
bintang 5,3 minggu lalu,14,2025-05-09 14:41:33.091235,terima barangnya kualitas bagus,positive
bintang 5,1 bulan lalu,14,2025-04-30 14:41:33.091246,diterima cepat dikemas rapi,positive
bintang 5,11 bulan lalu,14,2024-06-30 14:41:33.091274,pesanan sesuai maskernya bagus,positive
bintang 5,11 bulan lalu,14,2024-06-30 14:41:33.091299,cepat diproses cepat terimakasih,positive
bintang 5,7 bulan lalu,14,2024-10-30 14:41:33.091324,cepat barang sesuai,positive
bintang 3,8 bulan lalu,14,2024-09-30 14:41:33.091348,paket dateng bungkus plastik pas buka bungkusan masker kotak orangnya males kali masukkan maskernya dalem kotak,neutral
bintang 4,8 bulan lalu,14,2024-09-30 14:41:33.091372,ukuran sesuai bahan kasar,neutral
bintang 5,7 bulan lalu,14,2024-10-30 14:41:33.091396,barang sesuai paket aman lainlain oke banget,positive
bintang 5,1 bulan lalu,14,2025-04-30 14:41:33.091421,tebal maskernyadan pas wajah terima kasih seller,positive
bintang 5,7 bulan lalu,14,2024-10-30 14:41:33.091445,maskernya bagus cepat terimakasih,positive
bintang 5,7 bulan lalu,14,2024-10-30 14:41:33.091469,mksh paketnya kemarin nyampainya sesuai pesanan sukses tokonya ramai laris manis,positive
bintang 5,5 bulan lalu,14,2024-12-30 14:41:33.091493,cepat maskernya lumayan bagus,positive
bintang 5,8 bulan lalu,14,2024-09-30 14:41:33.091517,cepat diproses pengiriman kemasan aman,positive
bintang 5,5 bulan lalu,14,2024-12-30 14:41:33.091541,mantaf bagus cepat terimakasih,positive
bintang 5,1 bulan lalu,14,2025-04-30 14:41:33.091565,barangnya sdh diterima mudahn kwalitas bagus repeat order,positive
bintang 5,6 bulan lalu,14,2024-11-30 14:41:33.091589,produk sesuai pengiriman bebas ongkos kirim cepat,positive
bintang 1,4 bulan lalu,14,2025-01-30 14:41:33.091613,sekelas official store barang kayak gini bau tengik maskernya,negative
bintang 5,7 bulan lalu,14,2024-10-30 14:41:33.091637,oke barang sesuai pesanterima kasih mimin,positive
bintang 5,6 bulan lalu,14,2024-11-30 14:41:33.091660,good banget maskernya nyaman pas,positive
bintang 5,6 bulan lalu,14,2024-11-30 14:41:33.091684,kualitas bagus cepat,positive
bintang 5,10 bulan lalu,14,2024-07-30 14:41:33.091708,terlambat estimasi apaapa lumayan,neutral
bintang 5,1 bulan lalu,14,2025-04-30 14:41:33.091732,packaging rapih barang aman rumah,positive
bintang 5,5 bulan lalu,14,2024-12-30 14:41:33.091756,produk sesuai pesananada dus,positive
bintang 5,1 bulan lalu,14,2025-04-30 14:41:33.091780,pesanan pengiriman sesuai beli masker merk med,positive
bintang 5,2 bulan lalu,14,2025-03-30 14:41:33.091804,barang diterima baikuu pckaging aman masalahjj semoga langganan terima jjjukasihlll,positive
bintang 5,8 bulan lalu,14,2024-09-30 14:41:33.091828,maskernya tipis nyaman pengiriman standar packing aman thankyou seller sukses,positive
bintang 4,11 bulan lalu,14,2024-06-30 14:41:33.091852,maskermya lecek bungkusnya padet rapih pas talinya copot,neutral
bintang 4,2 bulan lalu,14,2025-03-30 14:41:33.091875,ukurannya mukanyang tercover penuh mendekati telinga,neutral
bintang 5,1 minggu lalu,14,2025-05-23 14:41:33.091899,bahan dipake tebal nafas kasar tetep nyaman ukurannya pas kendor pas dipake,positive
bintang 5,4 bulan lalu,14,2025-01-30 14:41:33.091910,kualitas bagus nyaman dipakai packing aman,positive
bintang 5,4 bulan lalu,14,2025-01-30 14:41:33.091938,kualitas bagus nyaman dipakai packing aman,positive
bintang 4,8 bulan lalu,14,2024-09-30 14:41:33.091963,sayang masker dikluarin dr dus dlm plastik sya dus penyok masker ttp dlm dus dus utuh,neutral
bintang 5,6 bulan lalu,14,2024-11-30 14:41:33.091988,bahan tebal tali mudah putus pengiriman,neutral
bintang 5,9 bulan lalu,14,2024-08-30 14:41:33.092012,pas ukurannya diwajah sesak nafas tali gampang putus,neutral
bintang 5,10 bulan lalu,14,2024-07-30 14:41:33.092036,enak pakainya menyesakan bahan halus,neutral
bintang 5,11 bulan lalu,14,2024-06-30 14:41:33.092060,lumayanlah bahannyaberfungsi tali maskernya mudah lepas,neutral
bintang 5,4 bulan lalu,14,2025-01-30 14:41:33.092084,masker sesuai deskripsi respon admin cepat packaging oke,positive
bintang 5,1 bulan lalu,14,2025-04-30 14:41:33.092108,beli offline abang bermanfaat,positive
bintang 5,4 bulan lalu,14,2025-01-30 14:41:33.092187,kualitas masker bagus tebal cepat recommended seller,positive
bintang 5,7 bulan lalu,14,2024-10-30 14:41:33.092217,mantap bahan lumayan tebal nyaman pakai terimakasih,positive
bintang 5,6 bulan lalu,14,2024-11-30 14:41:33.092243,kualitas masker bagus sesak tali mudah putus model oke,positive
bintang 5,11 bulan lalu,14,2024-06-30 14:41:33.092270,kesekian kali order produk layanannya oke,positive
bintang 5,7 bulan lalu,14,2024-10-30 14:41:33.092296,barang sesuai pengiriman lancar kualitas sesuai harganya,positive
bintang 5,9 bulan lalu,14,2024-08-30 14:41:33.092323,respon cepat cepat sesuai spesifikasi,positive
bintang 5,1 bulan lalu,14,2025-04-30 14:41:33.092348,cepat kualitas barang,positive
bintang 5,8 bulan lalu,14,2024-09-30 14:41:33.092373,barang diterima nyaman kualitas bagus bingung kardus,positive
bintang 5,2 bulan lalu,14,2025-03-30 14:41:33.092398,diterima sesuai pesanan proses cepat packing bagus aman recommended seller terima kasih,positive
bintang 5,10 bulan lalu,14,2024-07-30 14:41:33.092423,product sesuai deskripsi pengiriman rapi cepat recommended seller,neutral
bintang 5,5 bulan lalu,14,2024-12-30 14:41:33.092449,dipisah packaging maskernya emang muat barang selamat,positive
bintang 5,1 bulan lalu,14,2025-04-30 14:41:33.092474,bagus maskernya mengganggu pernapasan tali maskernya kuat midah putus semoga diskon maskeenyaaa,neutral
bintang 5,2 bulan lalu,14,2025-03-30 14:41:33.092499,masker favorit dus muat he,neutral
bintang 4,5 bulan lalu,14,2024-12-30 14:41:33.092525,fast response cepat pesan hitam putih datangnya hitam,negative
bintang 5,1 bulan lalu,14,2025-04-30 14:41:33.092576,barang sesuai pesanan cepat seller gercep mantap,positive
bintang 5,11 bulan lalu,14,2024-06-30 14:41:33.092601,barang sesuai deskripsi proses cepat,neutral
bintang 5,1 bulan lalu,14,2025-04-30 14:41:33.092627,packing rapih barang sesuai nyaman dipakainya,positive
bintang 5,4 bulan lalu,14,2025-01-30 14:41:33.092652,respon penjual cepat pesan pagi besok pagi,neutral
bintang 5,6 bulan lalu,14,2024-11-30 14:41:33.092676,produk sesuai deskripsi cepat,positive
bintang 5,4 bulan lalu,14,2025-01-30 14:41:33.092701,hitam putih diterima hitam putih menyatu kesehatan terimakasih,negative
bintang 5,10 bulan lalu,14,2024-07-30 14:41:33.092726,emang senyaman dipakainya bikin kupinh sakit,negative
bintang 5,9 bulan lalu,14,2024-08-30 14:41:33.092751,masker oke banget exp respon penjual cepat terima kasih,positive
bintang 3,2 bulan lalu,14,2025-03-30 14:41:33.092775,maskernya tipis banget ply meragukan banget,neutral
bintang 5,7 bulan lalu,14,2024-10-30 14:41:33.092799,terima kasih kak produk sesuai gambar deskripsi,positive
bintang 5,10 bulan lalu,14,2024-07-30 14:41:33.092823,kwalitas bagussudah berkaliÂ² order med,neutral
bintang 5,11 bulan lalu,14,2024-06-30 14:41:33.092848,oke barang sesuai cacat trim,neutral
bintang 5,7 bulan lalu,14,2024-10-30 14:41:33.092871,sesuai pesanan pakai masker donk covid,positive
bintang 3,2 bulan lalu,14,2025-03-30 14:41:33.092896,paket ditaruh dibangku konfirmasi penjaganya patokan rumah padahah tulis patokannya rumah kurirnya niat,positive
bintang 5,9 bulan lalu,2,2024-08-30 14:41:33.092919,dibutuhkan cleaning service penempatan petitenget jam kerja jam malamjam pagi hubungi ana,neutral
bintang 5,4 bulan lalu,2,2025-01-30 14:41:33.092943,packing rapi aman terimakasih seller terimakasih tokped semoga kedepannya program cetarrr laris manis semuaaa,positive
bintang 5,11 bulan lalu,2,2024-06-30 14:41:33.092967,sesuai pesanan packing tebal super aman barang diterima kondisi expiry date,positive
bintang 5,4 bulan lalu,2,2025-01-30 14:41:33.092991,produk bagus lengkap paking aman cepat,positive
bintang 5,9 bulan lalu,2,2024-08-30 14:41:33.093015,mantap rapi polll packingny aman poll,positive
bintang 5,3 minggu lalu,2,2025-05-09 14:41:33.093040,,neutral
bintang 5,12 bulan lalu,2,2024-05-30 14:41:33.093053,,neutral
bintang 5,2 minggu lalu,24,2025-05-16 14:41:33.093084,barang pakai harga ekonomis lumayan murahsemoga cocok dikulit muka,positive
bintang 5,1 bulan lalu,24,2025-04-30 14:41:33.093095,barang aman barang sesuai pesanan,positive
bintang 5,3 bulan lalu,24,2025-02-28 14:41:33.093124,barang pesan sesuai cepat pengiriman pengirimannya cepat,positive
bintang 5,2 hari lalu,24,2025-05-28 14:41:33.093152,paket dateng selamat packing aman banget pelayanan cepat produk asli expired date,positive
bintang 5,1 bulan lalu,24,2025-04-30 14:41:33.093163,korban tiktok packingnya extra delivery cepat seller gercep,neutral
bintang 5,1 bulan lalu,24,2025-04-30 14:41:33.093192,aman kurir ramah pakek smoga cocok,positive
bintang 5,1 bulan lalu,24,2025-04-30 14:41:33.093218,barangnya cepat sampenya disegel halodoc makasii,positive
bintang 5,3 bulan lalu,24,2025-02-28 14:41:33.093243,respon seller,neutral
bintang 5,1 bulan lalu,24,2025-04-30 14:41:33.093268,cepat banget jam pagi sdh pakai kurir instant pagi udah terkirim terima kasih,neutral
bintang 5,1 bulan lalu,24,2025-04-30 14:41:33.093293,thank you barangnya udah cepat,positive
bintang 5,11 bulan lalu,24,2024-06-30 14:41:33.093340,bagus,neutral
bintang 5,1 bulan lalu,24,2025-04-30 14:41:33.093369,memuaskan,neutral
bintang 5,2 minggu lalu,24,2025-05-16 14:41:33.093395,cepat,positive
bintang 5,1 bulan lalu,24,2025-04-30 14:41:33.093406,correct,neutral
bintang 5,3 minggu lalu,24,2025-05-09 14:41:33.093435,mantap jerawat mereda,neutral
bintang 5,1 bulan lalu,24,2025-04-30 14:41:33.093445,semoga cocok,neutral
bintang 5,1 bulan lalu,24,2025-04-30 14:41:33.093474,,neutral
bintang 5,2 bulan lalu,1,2025-03-30 14:41:33.093500,barangnya asli sesuai pesanan langganan seller amanah tokopedia top markotop,positive
bintang 5,1 bulan lalu,1,2025-04-30 14:41:33.093525,produk diterima sesuai pesanan pelayanan oke terimakasih,positive
bintang 5,2 bulan lalu,1,2025-03-30 14:41:33.093550,apotek amanah barang diterima komplit terimakasih terlibat,positive
bintang 5,1 minggu lalu,1,2025-05-23 14:41:33.093574,fast respon harga murah packing aman expired jan,positive
bintang 5,2 bulan lalu,1,2025-03-30 14:41:33.093584,cepat packing rapi produk sesuai dipesan terima kasih,positive
bintang 5,1 bulan lalu,1,2025-04-30 14:41:33.093612,barang dterima aman coat harga terjangkau,positive
bintang 5,2 bulan lalu,1,2025-03-30 14:41:33.093637,alhamdulilah tokonya amanah,positive
bintang 5,1 bulan lalu,1,2025-04-30 14:41:33.093662,pesanan sesuai pelayanan memuaskan terima kasih,positive
bintang 5,2 bulan lalu,1,2025-03-30 14:41:33.093687,cocok maag,neutral
bintang 5,3 bulan lalu,1,2025-02-28 14:41:33.093713,mantap,positive
bintang 5,2 bulan lalu,1,2025-03-30 14:41:33.093737,mantap,positive
bintang 5,3 bulan lalu,1,2025-02-28 14:41:33.093762,terima kasih persediaan obat,neutral
bintang 5,3 bulan lalu,21,2025-02-28 14:41:33.093787,paket aman barang segel asli mantan date barang paten murah berguna praktis,positive
bintang 5,10 bulan lalu,21,2024-07-30 14:41:33.093811,barang sesuai toko responsif cepat,positive
bintang 5,3 bulan lalu,21,2025-02-28 14:41:33.093836,barang sesuaipengiriman cepat proses toko lamamantab ma josss tisu,positive
bintang 5,2 bulan lalu,21,2025-03-30 14:41:33.093861,paket diterima baikrespon cepatpengiriman cepatthx,positive
bintang 5,1 minggu lalu,21,2025-05-23 14:41:33.093885,bagus dibutuhkan,neutral
bintang 5,11 bulan lalu,21,2024-06-30 14:41:33.093896,barang sesuai kualitas bagus pelayanan cepat,positive
bintang 5,7 bulan lalu,21,2024-10-30 14:41:33.093924,respon cepat packing aman bubble barang sesuai,positive
bintang 4,7 bulan lalu,21,2024-10-30 14:41:33.093950,paket aman lapisi dus buble coba berfungsi dg,positive
bintang 5,2 bulan lalu,21,2025-03-30 14:41:33.093975,barang sesuai deskripsi pengiriman cepat,neutral
bintang 5,10 bulan lalu,21,2024-07-30 14:41:33.094000,barang diterima sesuai pesanan packing rapi aman semoga sehat sukses,positive
bintang 5,11 bulan lalu,21,2024-06-30 14:41:33.094025,barang diterima sesuai pesanan cepat ukuran sumatera barat,positive
bintang 5,10 bulan lalu,21,2024-07-30 14:41:33.094051,produk asli harga terjangkau packing aman,positive
bintang 5,10 bulan lalu,21,2024-07-30 14:41:33.094077,recommended seller fast response barang dipacking rapih beli hitam terima kasih seller,neutral
bintang 5,12 bulan lalu,21,2024-05-30 14:41:33.094102,bagus berfungsi dg baikm packaging rapi aman,positive
bintang 5,9 bulan lalu,21,2024-08-30 14:41:33.094129,barang sesuai pesanan cepat asli asli terimakasih,positive
bintang 5,2 bulan lalu,21,2025-03-30 14:41:33.094155,bagus bagus bagus bagus bagus bagus bagus bagus,positive
bintang 5,1 bulan lalu,21,2025-04-30 14:41:33.094180,bersahabat harganya terjangkau,neutral
bintang 5,10 bulan lalu,21,2024-07-30 14:41:33.094205,barang sesuai deskripsi semoga alkoholnya kering perjalanan respon penjual bail cepat,neutral
bintang 5,9 bulan lalu,21,2024-08-30 14:41:33.094230,seller responsif barang sesuai gambar smoga sesuai akurat,positive
bintang 5,5 bulan lalu,21,2024-12-30 14:41:33.094254,kualitas bagus packing rapih cepat terima kasih,positive
bintang 5,1 bulan lalu,21,2025-04-30 14:41:33.094279,tissu alkoholnya sdh langganan beli isinya bagus kering,positive
bintang 5,5 bulan lalu,21,2024-12-30 14:41:33.094305,barang respon penjual cepat barang sesuai deskripsi terimakasih,positive
bintang 4,3 bulan lalu,21,2025-02-28 14:41:33.094330,kemasannya berbeda merek semoga kualitas,neutral
bintang 5,7 bulan lalu,21,2024-10-30 14:41:33.094355,oke sesuai pesanan cek gula darah kolesterol,positive
bintang 5,9 bulan lalu,21,2024-08-30 14:41:33.094380,sesuai pesanan exp terima kasih,positive
bintang 5,5 bulan lalu,21,2024-12-30 14:41:33.094404,bagus recomen toko cepat pengiriman,positive
bintang 4,2 bulan lalu,21,2025-03-30 14:41:33.094428,alhamdulillaah barang sdh diterima sesuai dg pesanan amaan,positive
bintang 5,9 bulan lalu,21,2024-08-30 14:41:33.094453,pesanan sesuai ekpetasi pengiriman ger cep mampir tetangga,neutral
bintang 5,7 bulan lalu,21,2024-10-30 14:41:33.094477,sesuai deskripsi alcohol swab,neutral
bintang 5,3 minggu lalu,21,2025-05-09 14:41:33.094501,barang diterima bagus insya allah order toko,positive
bintang 5,1 minggu lalu,21,2025-05-23 14:41:33.094513,cepat packing bagus terima kasih,positive
bintang 5,11 bulan lalu,21,2024-06-30 14:41:33.094521,barangnya diterima kondisi terima kasih,positive
bintang 5,11 bulan lalu,21,2024-06-30 14:41:33.094550,barang sesuai pesanan terimakasih,positive
bintang 5,9 bulan lalu,21,2024-08-30 14:41:33.094576,aman barang diterima sesuai pesanan,positive
bintang 5,10 bulan lalu,21,2024-07-30 14:41:33.094601,barangnya asli bagus,positive
bintang 5,11 bulan lalu,21,2024-06-30 14:41:33.094625,box penyok dalem aman,neutral
bintang 5,5 bulan lalu,21,2024-12-30 14:41:33.094649,produk sesuai deskripsi terima kasih kak,positive
bintang 5,10 bulan lalu,21,2024-07-30 14:41:33.094675,dus robek dr pengiriman swab aman utuh oke,positive
bintang 5,6 bulan lalu,21,2024-11-30 14:41:33.094700,barang sesuai deskripsi pengiriman jarak,neutral
bintang 5,3 bulan lalu,21,2025-02-28 14:41:33.094724,gercep sesuai pesanan,positive
bintang 5,11 bulan lalu,21,2024-06-30 14:41:33.094749,recomendasi puas belanja barang lengkap bagus asli,positive
bintang 5,10 bulan lalu,21,2024-07-30 14:41:33.094773,barang jos respon penjual,neutral
bintang 5,11 bulan lalu,21,2024-06-30 14:41:33.094798,tisu alkohon oneswab berfungsi danbmasih exp terima kasih seller,positive
bintang 5,3 bulan lalu,21,2025-02-28 14:41:33.094822,terima kasih paket harga termurah kemasan rapi aman cepat recommended seller sukses,positive
bintang 5,10 bulan lalu,21,2024-07-30 14:41:33.094847,oke mantab sesuai order terima kasih seller,positive
bintang 5,3 bulan lalu,21,2025-02-28 14:41:33.094871,produk originalpokoknya recomended sellertop banget,positive
bintang 5,9 bulan lalu,21,2024-08-30 14:41:33.094896,barang selamat,positive
bintang 5,11 bulan lalu,21,2024-06-30 14:41:33.094920,cepat barang mulus,neutral
bintang 5,1 bulan lalu,21,2025-04-30 14:41:33.094945,cepat dipakai,positive
bintang 5,10 bulan lalu,21,2024-07-30 14:41:33.094969,barangnya selamat berfungsi semoga awet,positive
bintang 1,8 bulan lalu,21,2024-09-30 14:41:33.094994,box isi alkohol swab doang pakai box nyesel beli,neutral
bintang 5,2 bulan lalu,21,2025-03-30 14:41:33.095018,produk berkualitas packing,positive
bintang 5,3 bulan lalu,21,2025-02-28 14:41:33.095042,barang sesuai pesanan biarkan bintang berbicara,neutral
bintang 3,11 bulan lalu,21,2024-06-30 14:41:33.095067,pengiriman kotak hijau beda sku,neutral
bintang 5,11 bulan lalu,21,2024-06-30 14:41:33.095091,cepat pengirimannya cocok barangnya,positive
bintang 5,10 bulan lalu,21,2024-07-30 14:41:33.095116,bagus sesuai pesanan exp,positive
bintang 5,1 bulan lalu,21,2025-04-30 14:41:33.095140,paket selamat sesuai pesanan,positive
bintang 5,11 bulan lalu,21,2024-06-30 14:41:33.095164,sesuai deskripsi cepat,neutral
bintang 4,2 bulan lalu,21,2025-03-30 14:41:33.095189,beli toko ijo toko oren pengirimannya lambat_banget,neutral
bintang 5,7 bulan lalu,21,2024-10-30 14:41:33.095213,salah seller terbaik tokopedia terima kasih,positive
bintang 5,2 bulan lalu,21,2025-03-30 14:41:33.095237,siip banget terima kasih,positive
bintang 4,4 bulan lalu,21,2025-01-30 14:41:33.095262,produk sesuai,positive
bintang 5,12 bulan lalu,21,2024-05-30 14:41:33.095286,barang sesuai,positive
bintang 5,5 bulan lalu,21,2024-12-30 14:41:33.095312,beli pcs paketnya kirim aman beli guysss beli cuss,positive
bintang 1,5 bulan lalu,21,2024-12-30 14:41:33.095337,kering kayak stock,negative
bintang 5,7 bulan lalu,21,2024-10-30 14:41:33.095361,barang asli segel,neutral
bintang 5,4 hari lalu,21,2025-05-26 14:41:33.095386,its oke,neutral
bintang 5,5 bulan lalu,21,2024-12-30 14:41:33.095398,sipp sesuai pesanan,positive
bintang 5,11 bulan lalu,21,2024-06-30 14:41:33.095426,dihitung percaya,neutral
bintang 5,3 bulan lalu,21,2025-02-28 14:41:33.095452,pesanan diterima terima kasih,positive
bintang 5,7 bulan lalu,21,2024-10-30 14:41:33.095477,sdh langganan pokoke top markotop recommended seller,positive
bintang 5,10 bulan lalu,21,2024-07-30 14:41:33.095502,belanja kesekian kalinya toko inisy rekomendasikan toko,neutral
bintang 5,5 bulan lalu,21,2024-12-30 14:41:33.095526,beli kesekian puas,positive
bintang 5,11 bulan lalu,21,2024-06-30 14:41:33.095551,pelayanan terima kasih,positive
bintang 5,1 bulan lalu,21,2025-04-30 14:41:33.095575,bagus asli,positive
bintang 4,10 bulan lalu,21,2024-07-30 14:41:33.095600,pengiriman kurir status diantar pembeli,neutral
bintang 5,2 minggu lalu,21,2025-05-16 14:41:33.095624,barang sdh diterima terima kasih,positive
bintang 5,11 bulan lalu,21,2024-06-30 14:41:33.095635,bagus komplit,neutral
bintang 5,3 bulan lalu,21,2025-02-28 14:41:33.095663,barang diterima terima kasih,positive
bintang 5,8 bulan lalu,21,2024-09-30 14:41:33.095689,sesuai pesanan packing aman,positive
bintang 5,9 bulan lalu,21,2024-08-30 14:41:33.095714,good barang,positive
bintang 5,3 minggu lalu,21,2025-05-09 14:41:33.095763,oke,neutral
bintang 5,5 bulan lalu,21,2024-12-30 14:41:33.095773,bagus,neutral
bintang 5,9 bulan lalu,21,2024-08-30 14:41:33.095802,,neutral
bintang 5,10 bulan lalu,21,2024-07-30 14:41:33.095846,,neutral
bintang 5,2 hari lalu,21,2025-05-28 14:41:33.095871,sesuai gambar,neutral
bintang 5,11 bulan lalu,21,2024-06-30 14:41:33.095882,mantaabbb murah meriah,positive
bintang 5,1 minggu lalu,21,2025-05-23 14:41:33.095910,bagus,neutral
